timestamp,headingDeg,encCountR,encCountL,wL,wF,wR
1789542386.8007424,-0.07,0,0,2852,2923,2319
1789542386.8214388,-0.07,0,0,2852,2921,2319
1789542386.838441,-0.07,0,0,2853,2924,2318
1789542386.8619463,-0.08,0,0,2853,2923,2318
1789542386.8792033,-0.08,0,0,2853,2922,2319
1789542386.8991709,-0.08,0,0,2852,2924,2320
1789542386.9193103,-0.08,0,0,2850,2923,2319
1789542386.93943,-0.08,0,0,2852,2922,2319
1789542386.9630368,-0.08,0,0,2851,2928,2318
1789542386.9852612,-0.08,0,0,2852,2923,2320
1789542387.0030422,-0.08,0,0,2852,2920,2316
1789542387.025899,-0.08,0,0,2853,2923,2320
1789542387.0451112,-0.08,0,0,2853,2924,2319
1789542387.0666478,-0.08,0,0,2852,2923,2320
1789542387.0873146,-0.08,0,0,2854,2923,2320
1789542387.108515,-0.08,0,0,2852,2923,2318
1789542387.127771,-0.08,0,0,2853,2922,2319
1789542387.149102,-0.07,0,0,2852,2923,2319
1789542387.1694398,-0.07,0,0,2853,2922,2318
1789542387.18968,-0.07,0,0,2852,2922,2320
1789542387.211242,-0.07,0,0,2852,2923,2318
1789542387.2314255,-0.07,0,0,2852,2923,2318
1789542387.2528841,-0.07,0,0,2853,2923,2319
1789542387.2733717,-0.08,0,0,2850,2923,2320
1789542387.293554,-0.08,0,0,2852,2923,2319
1789542387.3151777,-0.08,0,0,2852,2922,2319
1789542387.3344545,-0.08,0,0,2852,2924,2319
1789542387.3561833,-0.08,0,0,2852,2923,2320
1789542387.3752828,-0.08,0,0,2854,2922,2319
1789542387.39694,-0.08,0,0,2853,2924,2317
1789542387.4166903,-0.06,0,0,2856,2923,2317
1789542387.4374228,-0.02,0,0,2852,2923,2318
1789542387.4583433,0.13,0,0,2852,2922,2321
1789542387.4774444,0.27,0,0,2853,2923,2323
1789542387.4989278,0.26,0,0,2853,2923,2321
1789542387.5191061,0.23,0,0,2852,2923,2317
1789542387.538632,0.20,0,0,2852,2923,2316
1789542387.5597472,0.21,0,0,2853,2922,2315
1789542387.5814722,0.20,0,0,2855,2923,2314
1789542387.6000826,0.21,0,0,2852,2925,2316
1789542387.6225696,0.20,0,0,2853,2922,2315
1789542387.6416256,0.21,0,0,2852,2922,2316
1789542387.6624,0.04,0,0,2852,2923,2316
1789542387.6835876,-0.31,0,0,2853,2923,2308
1789542387.7046525,-0.63,0,0,2850,2922,2301
1789542387.7240095,-0.91,0,0,2852,2923,2295
1789542387.74486,-1.30,0,0,2852,2923,2291
1789542387.7657313,-1.51,0,0,2852,2923,2294
1789542387.78649,-1.50,0,0,2853,2922,2298
1789542387.807297,-1.47,0,0,2853,2921,2303
1789542387.8254528,-1.48,0,0,2853,2923,2307
1789542387.8432996,-1.50,0,0,2853,2924,2307
1789542387.8681386,-1.50,0,0,2853,2924,2308
1789542387.8884943,-1.50,0,0,2852,2922,2309
1789542387.9096596,-1.51,0,0,2852,2922,2307
1789542387.9265678,-1.51,0,0,2853,2923,2308
1789542387.9487143,-1.51,0,0,2852,2923,2307
1789542387.96814,-1.51,0,0,2852,2923,2308
1789542387.9894738,-1.51,0,0,2852,2924,2305
1789542388.0102503,-1.52,0,0,2853,2924,2304
1789542388.0338597,-1.52,0,0,2852,2923,2304
1789542388.0520365,-1.52,0,0,2853,2923,2303
1789542388.0729141,-1.51,0,0,2852,2924,2305
1789542388.0935774,-1.50,0,0,2852,2923,2304
1789542388.114464,-1.41,0,0,2853,2923,2297
1789542388.1346993,-1.29,0,0,2853,2923,2304
1789542388.1559966,-1.28,0,0,2853,2922,2304
1789542388.1763315,-1.29,0,0,2853,2922,2308
1789542388.1965208,-1.33,0,0,2852,2923,2304
1789542388.2179914,-1.35,0,0,2852,2922,2302
1789542388.2383645,-1.25,0,0,2853,2923,2304
1789542388.2587597,-1.01,0,0,2851,2923,2308
1789542388.2799866,-0.92,0,0,2853,2923,2310
1789542388.2995477,-0.92,0,0,2853,2924,2309
1789542388.316614,-0.93,0,0,2853,2924,2307
1789542388.3361685,-0.92,0,0,2851,2922,2305
1789542388.357195,-0.90,0,0,2853,2923,2306
1789542388.3780289,-0.84,0,0,2852,2923,2300
1789542388.398489,-0.76,0,0,2852,2923,2303
1789542388.4197242,-0.73,0,0,2852,2923,2297
1789542388.4444187,-0.71,0,0,2852,2923,2299
1789542388.4650583,-0.68,0,0,2852,2923,2298
1789542388.4832745,-0.66,0,0,2852,2924,2299
1789542388.5050337,-0.65,0,0,2853,2924,2303
1789542388.5265515,-0.66,0,0,2852,2923,2301
1789542388.5462577,-0.66,0,0,2853,2923,2301
1789542388.5664022,-0.69,0,0,2852,2922,2302
1789542388.5859547,-0.70,0,0,2853,2923,2302
1789542388.6070154,-0.67,0,0,2852,2922,2302
1789542388.6289697,-0.67,0,0,2852,2918,2301
1789542388.648966,-0.67,0,0,2852,2923,2301
1789542388.6694424,-0.67,0,0,2853,2922,2300
1789542388.6907432,-0.67,0,0,2852,2922,2299
1789542388.7110925,-0.71,0,0,2853,2927,2300
1789542388.731867,-0.72,0,0,2852,2924,2299
1789542388.7524922,-0.74,0,0,2852,2923,2298
1789542388.7733865,-0.75,0,0,2847,2923,2299
1789542388.7932918,-0.75,0,0,2852,2923,2299
1789542388.8134217,-0.75,0,0,2852,2923,2301
1789542388.8293543,-0.76,0,0,2847,2923,2302
1789542388.8549747,-0.76,0,0,2853,2923,2298
1789542388.870775,-0.76,0,0,2852,2923,2299
1789542388.8914723,-0.77,0,0,2852,2922,2298
1789542388.9116619,-0.77,0,0,2852,2923,2298
1789542388.9330473,-0.77,0,0,2853,2923,2299
1789542388.9559658,-0.78,0,0,2853,2923,2299
1789542388.9780076,-0.79,0,0,2853,2923,2301
1789542388.9958222,-0.79,0,0,2853,2922,2299
1789542389.0186682,-0.79,0,0,2853,2923,2299
1789542389.037365,-0.79,0,0,2853,2923,2299
1789542389.057983,-0.79,0,0,2852,2923,2297
1789542389.0804946,-0.79,0,0,2853,2923,2299
1789542389.100958,-0.79,0,0,2853,2923,2299
1789542389.1204877,-0.80,0,0,2856,2923,2299
1789542389.1411228,-0.80,0,0,2853,2923,2302
1789542389.1622212,-0.80,0,0,2852,2923,2299
1789542389.1829252,-0.80,0,0,2852,2923,2300
1789542389.20378,-0.79,0,0,2852,2924,2299
1789542389.2245107,-0.80,0,0,2855,2923,2298
1789542389.2456822,-0.80,0,0,2852,2924,2300
1789542389.2654595,-0.80,0,0,2852,2923,2293
1789542389.2862482,-0.80,0,0,2853,2923,2300
1789542389.3063896,-0.80,0,0,2853,2923,2298
1789542389.3220067,-0.80,0,0,2853,2923,2299
1789542389.3475256,-0.79,0,0,2864,2924,2299
1789542389.3636212,-0.76,0,0,2852,2926,2299
1789542389.389117,-0.74,0,0,2852,2922,2299
1789542389.4051917,-0.74,0,0,2852,2923,2299
1789542389.4298415,-0.73,0,0,2852,2923,2299
1789542389.4469473,-0.72,0,0,2853,2923,2298
1789542389.4708173,-0.68,0,0,2851,2923,2299
1789542389.4913542,-0.64,0,0,2850,2923,2298
1789542389.5117576,-0.63,0,0,2854,2922,2299
1789542389.5326774,-0.64,0,0,2852,2924,2293
1789542389.5530248,-0.64,0,0,2852,2923,2298
1789542389.5718648,-0.66,0,0,2852,2923,2299
1789542389.5925777,-0.67,0,0,2853,2925,2298
1789542389.6136353,-0.67,0,0,2864,2922,2298
1789542389.6343226,-0.67,0,0,2853,2923,2301
1789542389.6552389,-0.66,0,0,2852,2925,2299
1789542389.6760721,-0.67,0,0,2852,2923,2299
1789542389.6968796,-0.68,0,0,2864,2923,2297
1789542389.7173536,-0.70,0,0,2853,2923,2301
1789542389.7376647,-0.73,0,0,2853,2923,2298
1789542389.7582252,-0.77,0,0,2852,2922,2298
1789542389.7792523,-0.82,0,0,2853,2923,2298
1789542389.7941184,-0.86,0,0,2852,2924,2299
1789542389.819167,-0.87,0,0,2852,2925,2298
1789542389.840607,-0.88,0,0,2853,2923,2302
1789542389.857605,-0.88,0,0,2851,2923,2298
1789542389.879335,-0.87,0,0,2853,2922,2299
1789542389.9022582,-0.87,0,0,2853,2926,2298
1789542389.9190154,-0.87,0,0,2852,2923,2296
1789542389.9433684,-0.87,0,0,2852,2923,2298
1789542389.9607918,-0.87,0,0,2853,2923,2298
1789542389.9841988,-0.88,0,0,2852,2922,2298
1789542390.0022483,-0.88,0,0,2852,2924,2298
1789542390.025429,-0.88,0,0,2852,2923,2298
1789542390.044052,-0.87,0,0,2852,2923,2299
1789542390.0648654,-0.86,0,0,2853,2923,2296
1789542390.0871522,-0.85,0,0,2853,2923,2297
1789542390.1060598,-0.85,0,0,2853,2924,2296
1789542390.1273973,-0.85,0,0,2852,2923,2296
1789542390.148641,-0.85,0,0,2853,2923,2297
1789542390.168746,-0.84,0,0,2852,2923,2294
1789542390.18987,-0.83,0,0,2853,2923,2296
1789542390.2105165,-0.82,0,0,2852,2924,2295
1789542390.2312193,-0.81,0,0,2852,2923,2296
1789542390.2453756,-0.80,0,0,2852,2923,2294
1789542390.2663794,-0.80,0,0,2853,2922,2296
1789542390.2929487,-0.79,0,0,2852,2923,2297
1789542390.3086052,-0.78,0,0,2853,2923,2298
1789542390.3336523,-0.77,0,0,2851,2918,2297
1789542390.3427894,-0.76,0,0,2853,2923,2296
1789542390.3747704,-0.75,0,0,2848,2923,2296
1789542390.3954499,-0.74,0,0,2852,2923,2297
1789542390.412013,-0.72,0,0,2852,2923,2294
1789542390.4355037,-0.70,0,0,2855,2923,2297
1789542390.4537258,-0.67,0,0,2852,2924,2297
1789542390.474481,-0.64,0,0,2853,2924,2297
1789542390.4978938,-0.62,0,0,2852,2923,2295
1789542390.516172,-0.60,0,0,2853,2923,2299
1789542390.538961,-0.57,0,0,2852,2923,2295
1789542390.5578594,-0.54,0,0,2853,2923,2296
1789542390.5786505,-0.52,0,0,2853,2922,2297
1789542390.599854,-0.50,0,0,2853,2923,2296
1789542390.6214163,-0.50,0,0,2852,2922,2301
1789542390.6411066,-0.49,0,0,2852,2922,2296
1789542390.6622806,-0.48,0,0,2853,2923,2296
1789542390.6827836,-0.48,0,0,2853,2923,2299
1789542390.7023675,-0.46,0,0,2853,2923,2297
1789542390.7236333,-0.45,0,0,2852,2922,2296
1789542390.7447767,-0.44,0,0,2852,2923,2296
1789542390.7652526,-0.44,0,0,2852,2922,2295
1789542390.7864406,-0.44,0,0,2852,2922,2295
1789542390.8044846,-0.45,0,0,2852,2922,2295
1789542390.8219218,-0.46,0,0,2852,2923,2296
1789542390.8471446,-0.48,0,0,2851,2923,2295
1789542390.8631814,-0.51,0,0,2853,2923,2295
1789542390.8881898,-0.55,0,0,2852,2922,2295
1789542390.905087,-0.59,0,0,2852,2923,2295
1789542390.929373,-0.63,0,1,2852,2922,2295
1789542390.9468179,-0.68,0,1,2852,2922,2294
1789542390.9702985,-0.71,0,1,2852,2921,2294
1789542390.9885166,-0.74,0,1,2850,2922,2294
1789542391.0118341,-0.77,0,1,2851,2922,2294
1789542391.030273,-0.79,0,1,2840,2921,2296
1789542391.052554,-0.80,0,1,2852,2922,2293
1789542391.0716143,-0.81,0,1,2852,2921,2291
1789542391.092369,-0.82,0,1,2852,2922,2297
1789542391.1133032,-0.82,0,1,2852,2922,2292
1789542391.1340303,-0.82,0,1,2853,2922,2295
1789542391.1549726,-0.81,0,1,2853,2922,2293
1789542391.1762278,-0.79,0,1,2852,2922,2293
1789542391.1959379,-0.78,0,1,2852,2921,2293
1789542391.2172587,-0.78,0,1,2852,2921,2293
1789542391.2373319,-0.77,0,1,2840,2922,2291
1789542391.2580633,-0.76,0,1,2852,2921,2292
1789542391.2781193,-0.74,0,1,2852,2919,2293
1789542391.2953146,-0.70,0,1,2852,2920,2292
1789542391.3196108,-0.66,0,1,2852,2920,2292
1789542391.3354056,-0.61,-1,1,2855,2922,2293
1789542391.361017,-0.54,-3,1,2853,2921,2292
1789542391.3773992,-0.43,-7,1,2852,2921,2293
1789542391.4018662,-0.33,-13,1,2840,2921,2295
1789542391.4188201,-0.26,-19,2,2840,2921,2294
1789542391.4428842,-0.13,-26,5,2835,2920,2294
1789542391.461564,-0.05,-34,10,2839,2921,2295
1789542391.4839156,0.01,-43,16,2851,2919,2293
1789542391.5020406,-0.03,-51,23,2840,2921,2292
1789542391.5229704,-0.04,-60,31,2839,2919,2292
1789542391.5456462,-0.13,-69,39,2853,2920,2290
1789542391.5664766,-0.17,-77,49,2853,2920,2289
1789542391.5853791,-0.26,-86,59,2853,2920,2288
1789542391.6071098,-0.41,-95,70,2852,2920,2287
1789542391.6277351,-0.37,-105,80,2852,2919,2287
1789542391.6477451,-0.46,-114,91,2853,2920,2287
1789542391.6687734,-0.61,-124,101,2853,2920,2287
1789542391.6895716,-0.63,-134,112,2853,2920,2286
1789542391.7094727,-0.68,-143,122,2852,2919,2285
1789542391.7302434,-0.76,-153,132,2859,2921,2287
1789542391.7507677,-0.72,-163,142,2853,2922,2284
1789542391.7718916,-0.74,-172,152,2853,2919,2285
1789542391.7867982,-0.77,-181,161,2853,2917,2280
1789542391.812543,-0.73,-190,169,2853,2917,2279
1789542391.8298056,-0.75,-199,178,2853,2919,2279
1789542391.8532338,-0.79,-207,186,2852,2917,2276
1789542391.8702145,-0.69,-215,193,2853,2917,2279
1789542391.8948953,-0.67,-224,201,2852,2918,2276
1789542391.9132538,-0.60,-231,209,2853,2920,2275
1789542391.9359267,-0.59,-239,216,2853,2919,2271
1789542391.9536004,-0.56,-247,223,2853,2919,2272
1789542391.9767935,-0.59,-254,231,2853,2920,2269
1789542391.9949045,-0.64,-260,239,2847,2920,2268
1789542392.0183082,-0.73,-267,247,2853,2920,2268
1789542392.036698,-0.82,-274,255,2851,2920,2266
1789542392.0594234,-0.94,-280,263,2852,2920,2268
1789542392.0783296,-1.08,-287,271,2852,2920,2266
1789542392.099007,-1.14,-294,280,2852,2919,2263
1789542392.1200733,-1.26,-300,288,2849,2920,2264
1789542392.1408465,-1.40,-307,296,2852,2919,2265
1789542392.1616464,-1.39,-314,305,2852,2920,2265
1789542392.1825027,-1.46,-322,313,2852,2920,2269
1789542392.2032747,-1.55,-329,322,2853,2920,2264
1789542392.2239027,-1.58,-337,330,2852,2920,2265
1789542392.2441595,-1.60,-346,338,2853,2920,2265
1789542392.264734,-1.59,-354,346,2852,2920,2266
1789542392.2855966,-1.58,-363,353,2852,2919,2264
1789542392.3050864,-1.52,-372,361,2852,2919,2268
1789542392.3213115,-1.51,-381,369,2853,2920,2264
1789542392.3466306,-1.50,-390,377,2851,2919,2263
1789542392.3632193,-1.46,-399,385,2852,2919,2262
1789542392.3878672,-1.40,-408,390,2853,2919,2263
1789542392.4047146,-1.35,-418,397,2853,2920,2264
1789542392.4289715,-1.33,-427,402,2852,2920,2263
1789542392.449302,-1.30,-436,408,2853,2920,2264
1789542392.4698842,-1.27,-446,416,2853,2924,2262
1789542392.4878483,-1.25,-455,422,2853,2920,2261
1789542392.5113912,-1.14,-465,431,2852,2920,2261
1789542392.5296779,-1.15,-474,440,2856,2920,2262
1789542392.551931,-1.12,-484,449,2857,2919,2260
1789542392.571629,-1.10,-494,459,2852,2918,2259
1789542392.5922115,-1.11,-504,468,2852,2922,2261
1789542392.6139846,-1.12,-514,478,2852,2919,2261
1789542392.6339495,-1.10,-524,488,2852,2918,2261
1789542392.654655,-1.08,-534,498,2852,2920,2261
1789542392.675477,-1.08,-545,508,2852,2919,2259
1789542392.6961393,-1.09,-555,519,2852,2920,2259
1789542392.7162206,-1.04,-566,529,2857,2922,2262
1789542392.7370842,-0.93,-576,540,2852,2919,2259
1789542392.757902,-0.94,-587,551,2852,2920,2257
1789542392.778115,-0.98,-598,561,2852,2919,2258
1789542392.7936742,-0.97,-609,572,2853,2920,2258
1789542392.819154,-0.90,-621,583,2852,2921,2261
1789542392.835246,-0.87,-632,594,2852,2919,2259
1789542392.8603532,-0.79,-644,605,2851,2921,2259
1789542392.8767722,-0.72,-656,616,2852,2920,2258
1789542392.9014952,-0.70,-667,627,2853,2920,2256
1789542392.9201787,-0.65,-679,639,2853,2920,2258
1789542392.9394667,-0.76,-690,650,2853,2920,2258
1789542392.9628932,-0.80,-702,662,2853,2921,2257
1789542392.9809155,-0.90,-714,674,2852,2921,2255
1789542393.0041065,-0.88,-725,685,2853,2920,2256
1789542393.0226855,-0.89,-737,697,2853,2919,2257
1789542393.0434637,-0.79,-749,709,2852,2921,2257
1789542393.065769,-0.81,-761,721,2853,2921,2259
1789542393.077678,-0.77,-774,733,2852,2919,2257
1789542393.106649,-0.75,-786,744,2852,2920,2259
1789542393.127288,-0.67,-798,756,2852,2916,2254
1789542393.1475284,-0.67,-810,768,2852,2919,2255
1789542393.1685252,-0.67,-822,780,2852,2921,2254
1789542393.188395,-0.70,-834,791,2852,2920,2253
1789542393.2072988,-0.71,-845,803,2853,2921,2253
1789542393.2299595,-0.73,-857,815,2852,2919,2253
1789542393.2371235,-0.76,-868,827,2857,2919,2253
1789542393.2713785,-0.78,-880,838,2852,2923,2253
1789542393.2787209,-0.79,-892,850,2853,2919,2252
1789542393.3122861,-0.78,-903,862,2852,2923,2251
1789542393.3224459,-0.73,-915,873,2852,2920,2254
1789542393.3530123,-0.71,-926,885,2853,2920,2254
1789542393.3620248,-0.71,-938,896,2853,2920,2253
1789542393.3900614,-0.80,-950,907,2853,2919,2252
1789542393.413369,-0.78,-962,916,2852,2920,2250
1789542393.4357574,-0.72,-974,920,2853,2919,2250
1789542393.4529645,-0.76,-986,922,2852,2920,2250
1789542393.476545,-0.71,-998,923,2853,2917,2251
1789542393.4948754,-0.73,-1010,923,2853,2919,2250
1789542393.5157788,-0.65,-1022,925,2852,2921,2249
1789542393.536289,-0.65,-1033,932,2852,2918,2249
1789542393.5593097,-0.64,-1045,941,2863,2920,2247
1789542393.5793142,-0.54,-1057,951,2852,2919,2249
1789542393.598887,-0.64,-1069,965,2846,2920,2251
1789542393.6207232,-0.59,-1081,965,2852,2918,2246
1789542393.640499,-0.65,-1092,967,2854,2919,2247
1789542393.661576,-0.68,-1104,973,2853,2920,2248
1789542393.6822207,-0.68,-1115,984,2852,2919,2248
1789542393.7030656,-0.78,-1127,994,2852,2920,2248
1789542393.7230175,-0.85,-1138,996,2852,2920,2248
1789542393.7438636,-0.84,-1149,996,2852,2921,2249
1789542393.764494,-0.86,-1161,997,2853,2920,2248
1789542393.7851322,-0.91,-1172,998,2852,2919,2250
1789542393.8001146,-0.87,-1183,1005,2853,2920,2247
1789542393.8253582,-0.80,-1195,1015,2851,2919,2248
1789542393.841977,-0.80,-1206,1025,2852,2923,2246
1789542393.864511,-0.84,-1218,1037,2853,2920,2248
1789542393.8874333,-0.79,-1229,1044,2852,2920,2246
1789542393.9043777,-0.77,-1240,1053,2853,2919,2246
1789542393.9284818,-0.71,-1251,1061,2853,2917,2247
1789542393.9453804,-0.80,-1263,1069,2851,2919,2246
1789542393.9682133,-0.79,-1274,1076,2855,2920,2245
1789542393.989842,-0.80,-1285,1083,2853,2920,2245
1789542394.0086677,-0.82,-1296,1091,2853,2921,2248
1789542394.031277,-0.77,-1306,1097,2852,2920,2246
1789542394.0501838,-0.82,-1317,1106,2852,2920,2245
1789542394.0708706,-0.80,-1328,1109,2852,2920,2244
1789542394.091874,-0.71,-1338,1114,2851,2920,2246
1789542394.1122363,-0.76,-1349,1121,2852,2920,2244
1789542394.1335003,-0.71,-1359,1129,2852,2919,2247
1789542394.1545477,-0.65,-1370,1137,2853,2920,2245
1789542394.175178,-0.69,-1380,1144,2851,2920,2249
1789542394.1958387,-0.71,-1391,1148,2850,2920,2245
1789542394.2157652,-0.78,-1401,1150,2851,2921,2244
1789542394.2372322,-0.85,-1411,1150,2852,2920,2244
1789542394.257399,-0.89,-1421,1150,2852,2920,2243
1789542394.2775779,-1.00,-1432,1150,2852,2920,2239
1789542394.293279,-1.05,-1443,1157,2852,2920,2245
1789542394.3187706,-1.12,-1453,1165,2854,2920,2244
1789542394.3348768,-1.13,-1464,1166,2853,2919,2244
1789542394.3598895,-1.17,-1475,1168,2853,2920,2245
1789542394.3764772,-1.26,-1486,1173,2853,2920,2244
1789542394.4010084,-1.28,-1498,1173,2852,2920,2244
1789542394.4180453,-1.33,-1509,1175,2853,2920,2245
1789542394.4418657,-1.40,-1520,1180,2853,2919,2245
1789542394.4597404,-1.34,-1532,1186,2852,2917,2245
1789542394.4831603,-1.39,-1543,1204,2856,2921,2244
1789542394.50176,-1.36,-1555,1211,2853,2921,2245
1789542394.524601,-1.38,-1566,1219,2852,2922,2244
1789542394.5432131,-1.38,-1578,1229,2853,2919,2245
1789542394.563395,-1.44,-1590,1239,2853,2922,2244
1789542394.584706,-1.51,-1601,1249,2852,2920,2245
1789542394.6055925,-1.48,-1613,1259,2852,2919,2246
1789542394.627001,-1.58,-1624,1268,2852,2922,2244
1789542394.6472511,-1.63,-1636,1280,2852,2919,2245
1789542394.6678994,-1.68,-1647,1289,2853,2920,2244
1789542394.688085,-1.75,-1659,1297,2852,2920,2244
1789542394.7094421,-1.68,-1671,1311,2854,2920,2245
1789542394.7297518,-1.63,-1683,1314,2852,2920,2246
1789542394.750488,-1.50,-1695,1318,2852,2920,2244
1789542394.7712886,-1.46,-1707,1331,2852,2921,2244
1789542394.7861755,-1.51,-1719,1345,2852,2920,2245
1789542394.8117802,-1.56,-1731,1360,2852,2920,2246
1789542394.8306818,-1.54,-1743,1373,2853,2918,2239
1789542394.8529398,-1.47,-1755,1382,2852,2919,2245
1789542394.8724308,-1.51,-1768,1388,2853,2920,2244
1789542394.894094,-1.47,-1780,1397,2851,2920,2244
1789542394.9111307,-1.48,-1793,1405,2852,2920,2244
1789542394.9337878,-1.37,-1805,1415,2852,2919,2244
1789542394.9556484,-1.30,-1818,1419,2853,2923,2245
1789542394.973721,-1.20,-1830,1427,2852,2919,2244
1789542394.9966662,-1.15,-1843,1434,2852,2920,2245
1789542395.0153008,-1.10,-1856,1441,2852,2919,2248
1789542395.0360398,-1.00,-1868,1444,2847,2919,2245
1789542395.0569332,-0.96,-1881,1452,2853,2922,2242
1789542395.0768437,-0.90,-1894,1464,2853,2920,2242
1789542395.0985568,-0.86,-1907,1473,2852,2919,2243
1789542395.119468,-0.84,-1920,1478,2852,2920,2244
1789542395.1404219,-0.77,-1933,1490,2852,2920,2243
1789542395.1612399,-0.80,-1946,1493,2852,2921,2242
1789542395.1809855,-0.87,-1959,1503,2849,2919,2243
1789542395.2016034,-0.85,-1972,1514,2847,2919,2244
1789542395.2232554,-0.80,-1985,1524,2840,2919,2242
1789542395.2434652,-0.79,-1998,1535,2841,2917,2242
1789542395.264299,-0.73,-2010,1541,2840,2920,2243
1789542395.283791,-0.65,-2023,1551,2840,2918,2241
1789542395.3000782,-0.57,-2036,1552,2839,2919,2243
1789542395.325359,-0.58,-2049,1558,2841,2919,2242
1789542395.341626,-0.59,-2061,1562,2840,2921,2241
1789542395.366498,-0.63,-2074,1576,2853,2920,2242
1789542395.3832867,-0.63,-2086,1585,2852,2920,2242
1789542395.4074624,-0.64,-2099,1599,2852,2919,2240
1789542395.424887,-0.63,-2112,1610,2852,2920,2240
1789542395.4457872,-0.60,-2124,1621,2852,2919,2240
1789542395.4658306,-0.53,-2137,1626,2840,2919,2234
1789542395.4873884,-0.55,-2149,1631,2852,2920,2240
1789542395.510718,-0.52,-2162,1637,2853,2917,2240
1789542395.5312054,-0.56,-2174,1650,2850,2916,2238
1789542395.551362,-0.55,-2186,1656,2852,2919,2239
1789542395.5705452,-0.55,-2199,1659,2853,2918,2238
1789542395.5915763,-0.56,-2211,1666,2853,2920,2239
1789542395.6122742,-0.50,-2224,1666,2854,2919,2238
1789542395.633203,-0.60,-2236,1666,2852,2920,2238
1789542395.653902,-0.58,-2248,1666,2852,2918,2238
1789542395.6750188,-0.60,-2261,1667,2853,2919,2239
1789542395.6947768,-0.57,-2273,1667,2853,2920,2239
1789542395.715644,-0.65,-2285,1675,2853,2919,2239
1789542395.7360885,-0.65,-2297,1675,2853,2920,2240
1789542395.7514458,-0.67,-2309,1675,2852,2919,2238
1789542395.7720907,-0.71,-2321,1675,2852,2919,2239
1789542395.7924972,-0.67,-2333,1675,2852,2917,2238
1789542395.818314,-0.66,-2345,1675,2852,2919,2239
1789542395.838518,-0.53,-2358,1675,2852,2919,2238
1789542395.8553839,-0.61,-2370,1675,2852,2920,2240
1789542395.8753965,-0.57,-2382,1675,2853,2919,2240
1789542395.9005756,-0.57,-2394,1675,2853,2920,2239
1789542395.921142,-0.55,-2407,1678,2853,2920,2239
1789542395.93867,-0.55,-2419,1684,2853,2920,2237
1789542395.9622521,-0.62,-2432,1689,2853,2920,2241
1789542395.9803324,-0.67,-2444,1693,2852,2917,2238
1789542396.003665,-0.73,-2456,1698,2853,2919,2237
1789542396.0221725,-0.75,-2468,1698,2852,2920,2238
1789542396.0442264,-0.79,-2480,1703,2851,2919,2237
1789542396.063597,-0.84,-2492,1703,2852,2920,2236
1789542396.0845659,-0.85,-2504,1703,2852,2920,2237
1789542396.1060312,-0.87,-2516,1712,2852,2920,2238
1789542396.1265333,-0.76,-2527,1716,2852,2923,2238
1789542396.1470208,-0.83,-2539,1720,2852,2921,2236
1789542396.1678457,-0.81,-2551,1721,2853,2920,2231
1789542396.1878111,-0.87,-2562,1721,2852,2920,2238
1789542396.2082312,-0.88,-2574,1728,2852,2919,2238
1789542396.2294157,-0.86,-2585,1730,2853,2919,2237
1789542396.249963,-0.92,-2596,1730,2853,2921,2240
1789542396.2709236,-0.91,-2607,1735,2852,2922,2237
1789542396.2909186,-0.93,-2619,1741,2852,2920,2237
1789542396.3067806,-0.89,-2630,1744,2864,2920,2238
1789542396.3324885,-0.91,-2641,1750,2852,2916,2238
1789542396.3481917,-0.96,-2652,1755,2865,2920,2238
1789542396.3691275,-0.89,-2663,1760,2865,2920,2237
1789542396.3936067,-0.91,-2674,1769,2865,2921,2238
1789542396.4126925,-0.90,-2686,1778,2865,2924,2237
1789542396.4345157,-0.86,-2697,1782,2864,2919,2238
1789542396.4551172,-0.79,-2708,1790,2865,2920,2237
1789542396.4752266,-0.76,-2719,1796,2865,2918,2238
1789542396.4967992,-0.77,-2730,1802,2865,2918,2239
1789542396.5150015,-0.71,-2741,1808,2864,2920,2237
1789542396.5358467,-0.56,-2751,1813,2864,2921,2238
1789542396.5566366,-0.50,-2762,1820,2865,2919,2235
1789542396.5773463,-0.42,-2772,1825,2861,2918,2235
1789542396.5993178,-0.31,-2782,1835,2865,2919,2234
1789542396.6199045,-0.25,-2792,1849,2864,2918,2233
1789542396.639078,-0.18,-2802,1860,2865,2919,2234
1789542396.660989,-0.22,-2811,1865,2865,2919,2234
1789542396.680752,-0.18,-2820,1874,2864,2921,2239
1789542396.7015529,-0.06,-2829,1883,2865,2919,2235
1789542396.722443,-0.08,-2837,1889,2865,2914,2236
1789542396.7427032,-0.08,-2846,1895,2864,2918,2234
1789542396.7638593,-0.04,-2854,1898,2865,2918,2234
1789542396.7838302,-0.15,-2862,1903,2865,2919,2234
1789542396.7995605,-0.25,-2869,1903,2864,2920,2233
1789542396.8205378,-0.34,-2876,1912,2862,2920,2234
1789542396.8455448,-0.41,-2883,1919,2866,2919,2235
1789542396.862123,-0.48,-2891,1927,2864,2919,2234
1789542396.8866045,-0.57,-2898,1933,2863,2919,2234
1789542396.9037545,-0.64,-2905,1944,2863,2919,2235
1789542396.9276614,-0.65,-2912,1949,2862,2920,2234
1789542396.9453318,-0.66,-2920,1957,2864,2920,2235
1789542396.968806,-0.61,-2927,1959,2865,2921,2234
1789542396.987082,-0.56,-2935,1966,2864,2920,2235
1789542397.0094278,-0.48,-2943,1972,2865,2921,2234
1789542397.0287266,-0.35,-2951,1974,2880,2920,2233
1789542397.0511174,-0.13,-2960,1979,2865,2919,2235
1789542397.0704005,0.01,-2969,1981,2864,2920,2234
1789542397.0921304,0.22,-2979,1988,2875,2921,2234
1789542397.1120725,0.51,-2989,1992,2875,2921,2234
1789542397.1327085,0.83,-2999,1996,2864,2921,2233
1789542397.153728,1.14,-3009,1998,2865,2920,2235
1789542397.1746244,1.51,-3020,2001,2864,2920,2238
1789542397.1945617,1.91,-3031,2002,2876,2917,2232
1789542397.2159503,2.34,-3042,2002,2859,2915,2234
1789542397.2359974,2.77,-3053,2006,2864,2916,2234
1789542397.2562652,3.18,-3063,2010,2866,2917,2234
1789542397.2716649,3.52,-3074,2012,2864,2918,2236
1789542397.2973573,3.90,-3083,2013,2865,2917,2233
1789542397.3134887,4.29,-3093,2016,2869,2918,2233
1789542397.3389578,4.56,-3101,2017,2865,2916,2233
1789542397.3550732,4.89,-3110,2016,2865,2916,2230
1789542397.3759456,5.32,-3118,2018,2865,2916,2229
1789542397.3992121,5.70,-3125,2019,2864,2917,2232
1789542397.4176028,6.18,-3132,2019,2864,2916,2230
1789542397.4402447,6.70,-3139,2019,2864,2916,2229
1789542397.459122,7.18,-3146,2019,2861,2916,2229
1789542397.4790456,7.62,-3153,2019,2859,2916,2228
1789542397.5027876,8.12,-3160,2019,2865,2917,2229
1789542397.523394,8.64,-3167,2019,2865,2915,2229
1789542397.542664,9.26,-3174,2019,2864,2916,2229
1789542397.5634089,9.83,-3181,2019,2865,2916,2230
1789542397.5841963,10.44,-3188,2019,2864,2915,2228
1789542397.605046,11.09,-3196,2019,2864,2915,2228
1789542397.625346,11.65,-3203,2019,2864,2915,2228
1789542397.6467514,12.22,-3211,2019,2865,2916,2225
1789542397.6666725,12.77,-3219,2019,2864,2915,2227
1789542397.683729,13.47,-3226,2019,2864,2914,2226
1789542397.70812,14.04,-3234,2019,2864,2915,2229
1789542397.7290292,14.56,-3242,2019,2865,2914,2222
1789542397.7493143,15.18,-3250,2019,2864,2915,2221
1789542397.7702162,15.74,-3258,2019,2864,2915,2222
1789542397.7858257,16.38,-3266,2019,2863,2915,2220
1789542397.8063855,17.01,-3275,2019,2865,2915,2220
1789542397.8300562,17.59,-3283,2019,2864,2916,2219
1789542397.8480484,18.15,-3292,2019,2865,2915,2218
1789542397.8726132,18.80,-3301,2019,2864,2914,2219
1789542397.8897665,19.50,-3310,2019,2864,2914,2220
1789542397.9136631,20.16,-3319,2019,2866,2914,2220
1789542397.931295,20.83,-3328,2019,2865,2916,2219
1789542397.954657,21.49,-3338,2019,2863,2914,2218
1789542397.973043,22.32,-3347,2019,2864,2917,2219
1789542397.9958243,23.06,-3356,2019,2864,2914,2219
1789542398.0146906,23.78,-3366,2019,2865,2915,2219
1789542398.0354018,24.49,-3376,2019,2864,2914,2217
1789542398.0563972,25.18,-3386,2019,2864,2915,2215
1789542398.0781841,25.99,-3397,2019,2864,2917,2217
1789542398.0988019,26.68,-3407,2019,2864,2915,2217
1789542398.1188502,27.36,-3418,2019,2864,2914,2214
1789542398.139441,28.16,-3429,2019,2864,2913,2217
1789542398.1596622,28.91,-3440,2019,2864,2914,2215
1789542398.1811924,29.59,-3451,2019,2866,2915,2215
1789542398.2013376,30.28,-3463,2019,2865,2914,2215
1789542398.222687,30.98,-3474,2019,2864,2914,2216
1789542398.2429345,31.75,-3485,2019,2865,2913,2213
1789542398.257656,32.52,-3497,2019,2865,2913,2212
1789542398.2836509,33.24,-3509,2019,2864,2915,2212
1789542398.3017058,34.05,-3520,2019,2864,2914,2212
1789542398.3201263,34.73,-3532,2019,2864,2914,2213
1789542398.3447132,35.52,-3544,2019,2865,2914,2210
1789542398.3618894,36.17,-3556,2019,2864,2914,2212
1789542398.386108,37.01,-3569,2019,2865,2914,2211
1789542398.4036815,37.73,-3581,2019,2865,2914,2212
1789542398.4243162,38.52,-3593,2019,2864,2914,2211
1789542398.444295,39.34,-3606,2019,2865,2914,2212
1789542398.4672832,40.22,-3618,2019,2868,2915,2210
1789542398.4888704,41.12,-3631,2019,2864,2915,2212
1789542398.507623,41.99,-3644,2019,2864,2915,2214
1789542398.5284286,42.96,-3657,2019,2864,2915,2210
1789542398.5492702,43.79,-3670,2019,2864,2915,2208
1789542398.5700943,44.77,-3683,2019,2864,2916,2208
1789542398.591562,45.66,-3696,2019,2866,2914,2207
1789542398.6117196,46.71,-3709,2019,2864,2914,2204
1789542398.6325426,47.71,-3723,2019,2863,2917,2205
1789542398.6531339,48.66,-3736,2019,2865,2915,2206
1789542398.6733787,49.64,-3750,2019,2865,2916,2205
1789542398.6942775,50.66,-3764,2019,2864,2915,2204
1789542398.7148147,51.47,-3778,2019,2864,2916,2202
1789542398.7357588,52.40,-3792,2019,2865,2915,2201
1789542398.7555537,53.30,-3807,2019,2864,2915,2203
1789542398.7765484,54.10,-3821,2019,2865,2915,2197
1789542398.7969315,55.00,-3835,2019,2864,2915,2199
1789542398.8133132,55.87,-3849,2019,2864,2915,2198
1789542398.838353,56.76,-3863,2019,2865,2915,2198
1789542398.8549166,57.54,-3877,2019,2864,2915,2197
1789542398.879179,58.43,-3890,2019,2865,2914,2196
1789542398.8963897,59.33,-3904,2019,2865,2914,2197
1789542398.9186554,60.36,-3918,2019,2864,2915,2195
1789542398.938171,61.26,-3932,2019,2864,2913,2197
1789542398.961718,62.23,-3946,2019,2864,2915,2196
1789542398.9796531,63.19,-3960,2019,2864,2915,2197
1789542399.002329,64.16,-3974,2019,2864,2915,2195
1789542399.021712,65.03,-3988,2019,2864,2915,2195
1789542399.0423183,65.81,-4002,2019,2865,2916,2194
1789542399.0641706,66.68,-4016,2019,2864,2916,2194
1789542399.083911,67.54,-4030,2019,2864,2916,2193
1789542399.1053236,68.33,-4044,2019,2864,2916,2194
1789542399.126313,69.11,-4058,2019,2865,2915,2194
1789542399.1464005,69.95,-4072,2019,2865,2916,2194
1789542399.1671762,70.78,-4086,2019,2865,2916,2193
1789542399.1871989,71.74,-4100,2019,2864,2915,2192
1789542399.2078605,72.62,-4113,2019,2865,2915,2192
1789542399.2286685,73.40,-4127,2019,2866,2916,2190
1789542399.249516,74.24,-4141,2019,2865,2915,2187
1789542399.2664557,75.09,-4154,2019,2864,2915,2186
1789542399.2899337,75.98,-4168,2019,2865,2915,2187
1789542399.30624,76.89,-4181,2019,2865,2916,2184
1789542399.3311005,77.85,-4194,2019,2865,2909,2187
1789542399.3503604,78.70,-4207,2019,2864,2917,2180
1789542399.3722239,79.61,-4221,2019,2864,2915,2184
1789542399.3893917,80.44,-4234,2019,2865,2915,2184
1789542399.412814,81.30,-4247,2019,2865,2912,2183
1789542399.4315648,82.04,-4260,2019,2864,2915,2182
1789542399.454786,82.75,-4273,2019,2864,2916,2180
1789542399.4749324,83.60,-4285,2019,2860,2916,2181
1789542399.4935296,84.26,-4298,2019,2864,2915,2178
1789542399.5144906,84.95,-4310,2019,2864,2915,2178
1789542399.5352101,85.56,-4321,2019,2865,2915,2177
1789542399.5560882,86.24,-4332,2019,2863,2915,2171
1789542399.5768988,86.82,-4343,2019,2861,2916,2173
1789542399.5977407,87.50,-4354,2019,2864,2914,2173
1789542399.6185658,88.06,-4364,2019,2864,2917,2172
1789542399.6393197,88.70,-4374,2019,2864,2916,2174
1789542399.6602652,89.41,-4383,2019,2875,2916,2173
1789542399.6802135,90.06,-4393,2019,2877,2916,2171
1789542399.7013922,90.60,-4403,2019,2874,2916,2171
1789542399.72167,91.32,-4412,2019,2876,2916,2168
1789542399.7418978,91.79,-4421,2019,2876,2918,2168
1789542399.759134,92.29,-4430,2019,2875,2916,2165
1789542399.782965,92.69,-4438,2019,2876,2914,2161
1789542399.8033924,92.80,-4446,2019,2876,2917,2157
1789542399.824047,93.06,-4453,2019,2876,2916,2151
1789542399.8446589,93.31,-4458,2019,2876,2920,2150
1789542399.8617234,93.46,-4461,2019,2876,2920,2146
1789542399.8856833,93.53,-4462,2019,2875,2917,2139
1789542399.9031837,93.53,-4463,2019,2876,2916,2135
1789542399.9268403,93.53,-4463,2019,2875,2914,2130
1789542399.9448297,93.51,-4463,2019,2876,2915,2129
1789542399.9680412,93.50,-4463,2019,2876,2916,2128
1789542399.9866235,93.49,-4463,2019,2876,2918,2127
1789542400.0073037,93.47,-4463,2019,2876,2917,2127
1789542400.028095,93.45,-4463,2019,2865,2916,2128
1789542400.0490298,93.43,-4463,2019,2864,2915,2127
1789542400.0701492,93.41,-4463,2019,2865,2916,2127
1789542400.0912008,93.39,-4463,2019,2864,2915,2127
1789542400.1115649,93.37,-4463,2019,2852,2915,2126
1789542400.1323164,93.35,-4463,2019,2852,2914,2126
1789542400.1531525,93.34,-4463,2019,2852,2915,2127
1789542400.1734145,93.32,-4463,2019,2852,2914,2125
1789542400.1939409,93.31,-4463,2019,2852,2915,2125
1789542400.2152362,93.29,-4463,2019,2853,2915,2128
1789542400.2354286,93.27,-4463,2019,2852,2914,2125
1789542400.2554233,93.26,-4463,2019,2854,2915,2127
1789542400.2710698,93.25,-4463,2019,2853,2915,2129
1789542400.2967553,93.25,-4463,2019,2852,2914,2128
1789542400.3128626,93.24,-4463,2019,2853,2914,2123
1789542400.3372455,93.23,-4463,2019,2847,2915,2123
1789542400.358144,93.22,-4463,2019,2853,2915,2124
1789542400.375346,93.21,-4463,2019,2855,2914,2123
1789542400.399292,93.19,-4463,2019,2842,2916,2125
1789542400.416466,93.16,-4463,2019,2852,2914,2125
1789542400.4402971,93.12,-4463,2019,2855,2909,2125
1789542400.4586298,93.06,-4463,2019,2853,2914,2124
1789542400.4794977,92.96,-4463,2019,2853,2915,2125
1789542400.5021894,92.84,-4463,2019,2852,2915,2125
1789542400.521138,92.74,-4463,2019,2852,2915,2124
1789542400.5420277,92.63,-4463,2019,2852,2916,2126
1789542400.5637891,92.49,-4463,2019,2853,2915,2125
1789542400.5834868,92.28,-4463,2019,2852,2916,2124
1789542400.604522,92.02,-4463,2019,2852,2916,2121
1789542400.625215,91.65,-4463,2019,2856,2915,2121
1789542400.6452258,91.32,-4463,2019,2853,2919,2120
1789542400.6668031,90.98,-4463,2019,2852,2915,2120
1789542400.68692,90.71,-4463,2019,2852,2915,2120
1789542400.7082324,90.48,-4463,2019,2852,2915,2121
1789542400.7285068,90.23,-4463,2019,2852,2914,2121
1789542400.743746,90.00,-4463,2019,2852,2915,2122
1789542400.7693808,89.81,-4463,2019,2854,2915,2120
1789542400.7895424,89.75,-4463,2019,2852,2916,2123
1789542400.8057563,89.71,-4463,2019,2852,2914,2127
1789542400.8310504,89.69,-4463,2019,2852,2913,2127
1789542400.8474917,89.68,-4463,2019,2852,2916,2123
1789542400.8716798,89.68,-4463,2019,2852,2916,2122
1789542400.8922565,89.68,-4463,2019,2852,2916,2124
1789542400.9125092,89.69,-4463,2019,2852,2916,2125
1789542400.9307053,89.70,-4463,2019,2852,2915,2124
1789542400.9507313,89.72,-4463,2019,2853,2915,2126
1789542400.9720535,89.73,-4463,2019,2865,2914,2126
1789542400.9932787,89.75,-4463,2019,2864,2915,2125
1789542401.0159006,89.74,-4463,2019,2864,2916,2125
1789542401.0350866,89.73,-4463,2019,2866,2916,2124
1789542401.0559056,89.72,-4463,2019,2864,2916,2122
1789542401.0765843,89.71,-4463,2019,2865,2915,2122
1789542401.0973473,89.71,-4463,2019,2852,2917,2124
1789542401.1180985,89.70,-4463,2019,2852,2916,2124
1789542401.1389606,89.69,-4463,2019,2852,2914,2124
1789542401.1590545,89.69,-4463,2019,2852,2914,2122
1789542401.180355,89.70,-4463,2019,2852,2917,2123
1789542401.2007244,89.69,-4463,2019,2865,2917,2123
1789542401.2213793,89.70,-4463,2019,2864,2916,2123
1789542401.236314,89.69,-4463,2019,2864,2917,2124
1789542401.262,89.70,-4463,2019,2863,2916,2124
1789542401.2781029,89.69,-4463,2019,2864,2915,2128
1789542401.303534,89.69,-4463,2019,2864,2915,2125
1789542401.3195016,89.67,-4463,2019,2863,2917,2124
1789542401.3439882,89.66,-4463,2019,2852,2916,2123
1789542401.3614838,89.65,-4463,2019,2853,2917,2124
1789542401.385358,89.64,-4463,2019,2852,2915,2121
1789542401.4028952,89.63,-4463,2019,2852,2917,2124
1789542401.4236622,89.62,-4463,2019,2853,2916,2122
1789542401.4437153,89.61,-4463,2019,2853,2916,2122
1789542401.4673629,89.61,-4463,2019,2852,2916,2122
1789542401.486275,89.62,-4463,2019,2853,2915,2122
1789542401.5061746,89.62,-4463,2019,2852,2915,2122
1789542401.5288498,89.62,-4463,2019,2852,2917,2122
1789542401.5487618,89.62,-4463,2019,2853,2917,2122
1789542401.569003,89.61,-4463,2019,2853,2917,2116
1789542401.5904243,89.61,-4463,2019,2853,2915,2123
1789542401.6112385,89.60,-4463,2019,2854,2917,2125
1789542401.6320064,89.59,-4463,2019,2853,2917,2122
1789542401.6520076,89.59,-4463,2019,2852,2915,2121
1789542401.6735544,89.59,-4463,2019,2852,2917,2121
1789542401.6875944,89.59,-4463,2019,2852,2916,2121
1789542401.7084289,89.59,-4463,2019,2852,2916,2123
1789542401.735112,89.59,-4463,2019,2853,2917,2122
1789542401.7549858,89.60,-4463,2019,2852,2917,2122
1789542401.7737765,89.60,-4463,2019,2853,2915,2122
1789542401.796489,89.59,-4463,2019,2852,2917,2122
1789542401.8128142,89.59,-4463,2019,2852,2916,2123
1789542401.8376782,89.58,-4463,2019,2853,2916,2121
1789542401.8540611,89.58,-4463,2019,2852,2916,2122
1789542401.878295,89.58,-4463,2019,2853,2911,2123
1789542401.8991425,89.58,-4463,2019,2853,2916,2125
1789542401.9187534,89.58,-4463,2019,2852,2917,2121
1789542401.9382808,89.58,-4463,2019,2839,2915,2121
1789542401.9595585,89.58,-4463,2019,2840,2911,2122
1789542401.9809058,89.59,-4463,2019,2853,2916,2122
1789542401.9999385,89.60,-4463,2019,2853,2916,2122
1789542402.0208032,89.61,-4463,2019,2840,2916,2122
1789542402.0422592,89.62,-4463,2019,2841,2917,2122
1789542402.06239,89.62,-4463,2019,2843,2917,2122
1789542402.0833454,89.63,-4463,2019,2840,2916,2121
1789542402.1041913,89.64,-4463,2019,2841,2916,2121
1789542402.124967,89.66,-4463,2019,2841,2916,2124
1789542402.1456404,89.65,-4463,2019,2841,2915,2122
1789542402.1657705,89.68,-4463,2019,2841,2917,2121
1789542402.1870444,89.69,-4463,2019,2840,2916,2121
1789542402.2073085,89.69,-4463,2019,2840,2916,2124
1789542402.2274761,89.69,-4463,2019,2839,2916,2121
1789542402.243087,89.68,-4463,2019,2852,2917,2121
1789542402.2685692,89.68,-4463,2019,2840,2917,2123
1789542402.2845347,89.68,-4463,2019,2841,2916,2122
1789542402.3097124,89.67,-4463,2019,2840,2918,2122
1789542402.326309,89.67,-4463,2019,2851,2915,2122
1789542402.3506637,89.67,-4463,2019,2841,2917,2121
1789542402.3678865,89.67,-4463,2019,2840,2917,2121
1789542402.3915174,89.67,-4463,2019,2841,2916,2124
1789542402.409939,89.67,-4463,2019,2840,2917,2122
1789542402.4329536,89.66,-4463,2019,2852,2915,2122
1789542402.4512095,89.67,-4463,2019,2840,2916,2123
1789542402.4720461,89.67,-4463,2019,2852,2916,2125
1789542402.494302,89.66,-4463,2019,2852,2916,2122
1789542402.5153968,89.66,-4463,2019,2852,2914,2121
1789542402.534684,89.66,-4463,2019,2852,2916,2121
1789542402.555296,89.66,-4463,2019,2852,2917,2121
1789542402.5762656,89.66,-4463,2019,2852,2918,2122
1789542402.5974874,89.66,-4463,2019,2853,2915,2122
1789542402.6179178,89.65,-4463,2019,2852,2916,2122
1789542402.638591,89.65,-4463,2019,2854,2916,2122
1789542402.6587594,89.65,-4463,2019,2852,2918,2121
1789542402.6799169,89.64,-4463,2019,2852,2917,2122
1789542402.7002864,89.63,-4463,2019,2853,2917,2121
1789542402.7208796,89.63,-4463,2019,2852,2917,2120
1789542402.7359052,89.62,-4463,2019,2852,2918,2121
1789542402.7613642,89.62,-4463,2019,2852,2917,2121
1789542402.7775686,89.62,-4463,2019,2851,2918,2122
1789542402.7983809,89.62,-4463,2019,2852,2917,2122
1789542402.8233058,89.62,-4463,2019,2852,2918,2121
1789542402.8346488,89.60,-4463,2019,2852,2917,2120
1789542402.8601675,89.64,-4463,2019,2853,2918,2120
1789542402.8838284,89.64,-4463,2019,2853,2917,2120
1789542402.9053824,89.62,-4463,2019,2840,2918,2119
1789542402.9241204,89.70,-4463,2019,2853,2918,2123
1789542402.9464784,89.67,-4463,2019,2842,2918,2119
1789542402.965205,89.66,-4463,2019,2840,2918,2117
1789542402.987516,89.67,-4463,2019,2852,2917,2119
1789542403.0069852,89.68,-4463,2019,2850,2915,2119
1789542403.0276716,89.69,-4463,2019,2840,2917,2120
1789542403.0483341,89.71,-4463,2019,2850,2916,2117
1789542403.0692146,89.70,-4463,2019,2852,2917,2117
1789542403.0895686,89.71,-4463,2019,2852,2915,2117
1789542403.110759,89.71,-4463,2019,2852,2917,2122
1789542403.131665,89.73,-4463,2019,2853,2916,2117
1789542403.1517875,89.74,-4463,2019,2854,2921,2117
1789542403.173396,89.74,-4463,2019,2853,2916,2117
1789542403.1932147,89.74,-4463,2019,2852,2916,2117
1789542403.2134902,89.74,-4463,2019,2853,2917,2117
1789542403.228935,89.74,-4463,2019,2852,2916,2118
1789542403.2545948,89.76,-4463,2019,2857,2918,2116
1789542403.27518,89.83,-4463,2019,2852,2916,2117
1789542403.2925591,89.88,-4463,2019,2854,2918,2120
1789542403.311258,89.87,-4463,2019,2853,2917,2120
1789542403.3332531,89.80,-4463,2019,2864,2918,2118
1789542403.3530774,89.80,-4463,2019,2852,2918,2117
1789542403.3747401,89.79,-4463,2019,2865,2917,2118
1789542403.398428,89.79,-4463,2019,2864,2917,2121
1789542403.41845,89.79,-4463,2019,2863,2917,2120
1789542403.4376535,89.79,-4463,2019,2864,2917,2121
1789542403.4601753,89.79,-4463,2019,2864,2919,2121
1789542403.4801643,89.79,-4463,2019,2864,2913,2122
1789542403.501174,89.79,-4463,2019,2863,2920,2122
1789542403.5205247,89.79,-4463,2019,2859,2919,2123
1789542403.5413709,89.78,-4463,2019,2864,2920,2122
1789542403.5623941,89.78,-4463,2019,2865,2919,2121
1789542403.5830784,89.77,-4463,2019,2864,2919,2123
1789542403.6037111,89.77,-4463,2019,2852,2918,2122
1789542403.6170876,89.76,-4463,2019,2856,2919,2122
1789542403.6449668,89.76,-4463,2019,2864,2919,2122
1789542403.652632,89.76,-4463,2019,2864,2920,2122
1789542403.6864855,89.75,-4463,2019,2863,2917,2124
1789542403.6990666,89.75,-4463,2019,2865,2919,2122
1789542403.7264118,89.75,-4463,2019,2863,2918,2123
1789542403.7357085,89.75,-4463,2019,2853,2919,2123
1789542403.7681983,89.75,-4463,2019,2863,2919,2123
1789542403.7771862,89.75,-4463,2019,2864,2919,2122
1789542403.8092983,89.75,-4463,2019,2865,2918,2122
1789542403.8192627,89.75,-4463,2019,2869,2920,2122
1789542403.846052,89.74,-4463,2019,2864,2920,2122
1789542403.869766,89.74,-4463,2019,2864,2919,2121
1789542403.8912628,89.74,-4463,2019,2864,2920,2124
1789542403.9092793,89.74,-4463,2019,2864,2917,2121
1789542403.9326215,89.74,-4463,2019,2864,2918,2122
1789542403.9512305,89.74,-4463,2019,2864,2918,2120
1789542403.973402,89.74,-4463,2019,2864,2919,2121
1789542403.9926677,89.74,-4463,2019,2865,2919,2123
1789542404.0135214,89.73,-4463,2019,2865,2919,2122
1789542404.0343437,89.73,-4463,2019,2864,2918,2122
1789542404.055188,89.73,-4463,2019,2863,2919,2121
1789542404.0759873,89.74,-4463,2019,2865,2916,2121
1789542404.096837,89.73,-4463,2019,2864,2919,2121
1789542404.1177318,89.73,-4463,2019,2865,2919,2122
1789542404.1383364,89.73,-4463,2019,2864,2921,2123
1789542404.1584654,89.73,-4463,2019,2864,2919,2122
1789542404.1801896,89.73,-4463,2019,2864,2919,2121
1789542404.1999478,89.73,-4463,2019,2865,2920,2122
1789542404.2158666,89.72,-4463,2019,2864,2919,2121
1789542404.2357233,89.72,-4463,2019,2863,2919,2122
1789542404.2611358,89.72,-4463,2019,2864,2919,2125
1789542404.2817001,89.72,-4463,2019,2864,2915,2122
1789542404.3021734,89.72,-4463,2019,2864,2919,2121
1789542404.3190174,89.72,-4463,2019,2865,2920,2125
1789542404.3433948,89.72,-4463,2019,2865,2919,2122
1789542404.3606298,89.71,-4463,2019,2852,2918,2123
1789542404.381554,89.71,-4463,2019,2862,2919,2124
1789542404.4050083,89.71,-4463,2019,2864,2920,2122
1789542404.425453,89.70,-4463,2019,2865,2918,2124
1789542404.4441922,89.70,-4463,2019,2864,2920,2122
1789542404.4669192,89.71,-4463,2019,2865,2923,2124
1789542404.486797,89.70,-4463,2019,2865,2919,2124
1789542404.5062962,89.70,-4463,2019,2865,2919,2122
1789542404.5273645,89.70,-4463,2019,2864,2918,2124
1789542404.5481064,89.70,-4463,2019,2865,2919,2124
1789542404.5689218,89.70,-4463,2019,2864,2919,2125
1789542404.5898106,89.70,-4463,2019,2869,2920,2124
1789542404.6105468,89.70,-4463,2019,2864,2919,2122
1789542404.6314094,89.70,-4463,2019,2863,2920,2124
1789542404.6514423,89.70,-4463,2019,2867,2919,2125
1789542404.673023,89.70,-4463,2019,2863,2917,2122
1789542404.6928592,89.69,-4463,2019,2859,2919,2123
1789542404.7131329,89.69,-4463,2019,2864,2923,2123
1789542404.7333272,89.69,-4463,2019,2865,2919,2125
1789542404.7549465,89.69,-4463,2019,2865,2919,2123
1789542404.7707753,89.69,-4463,2019,2863,2919,2124
1789542404.7917912,89.69,-4463,2019,2865,2919,2123
1789542404.8133588,89.69,-4463,2019,2864,2919,2124
1789542404.8359704,89.68,-4463,2019,2865,2920,2123
