timestamp,whiskerL,whiskerF,whiskerR
1789539115.5745623,2546,2479,2555
1789539115.615569,2546,2480,2556
1789539115.664247,2547,2483,2555
1789539115.7157185,2547,2481,2554
1789539115.7736065,2546,2481,2556
1789539115.8238025,2547,2481,2556
1789539115.8730085,2547,2480,2555
1789539115.9206007,2546,2481,2557
1789539115.9747992,2546,2480,2556
1789539116.024166,2547,2482,2558
1789539116.0743723,2543,2481,2555
1789539116.1235187,2547,2480,2556
1789539116.1755044,2547,2481,2556
1789539116.2254617,2546,2481,2556
1789539116.274907,2546,2481,2556
1789539116.324106,2546,2480,2557
1789539116.3721397,2548,2483,2557
1789539116.421252,2546,2480,2556
1789539116.4761198,2547,2480,2555
1789539116.5249164,2547,2481,2557
1789539116.5732176,2548,2482,2554
1789539116.6221905,2546,2481,2556
1789539116.67085,2547,2481,2556
1789539116.7265751,2546,2483,2556
1789539116.7752867,2546,2481,2556
1789539116.8241863,2547,2480,2559
1789539116.8722076,2546,2480,2556
1789539116.920877,2546,2481,2556
1789539116.9765174,2547,2481,2556
1789539117.026145,2547,2482,2556
1789539117.073551,2546,2480,2556
1789539117.1221197,2547,2481,2554
1789539117.1707234,2546,2481,2554
1789539117.2262864,2546,2481,2556
1789539117.2765787,2546,2480,2555
1789539117.324628,2547,2480,2556
1789539117.3769872,2547,2481,2555
1789539117.4273336,2546,2481,2556
1789539117.477059,2546,2480,2555
1789539117.5252383,2547,2478,2557
1789539117.5770512,2546,2481,2556
1789539117.622527,2546,2481,2556
1789539117.6774247,2546,2480,2556
1789539117.7195919,2546,2481,2555
1789539117.7755933,2546,2481,2556
1789539117.8240373,2546,2481,2555
1789539117.8658578,2546,2481,2556
1789539117.9279351,2546,2480,2556
1789539117.9750433,2547,2480,2558
1789539118.0282347,2549,2480,2555
1789539118.078167,2546,2481,2555
1789539118.1239362,2546,2481,2555
1789539118.1702416,2547,2480,2555
1789539118.2235823,2544,2481,2555
1789539118.2782397,2547,2481,2557
1789539118.324056,2547,2481,2556
1789539118.3655157,2546,2482,2556
1789539118.4282527,2546,2482,2557
1789539118.4782703,2547,2477,2556
1789539118.5281723,2549,2481,2555
1789539118.578371,2547,2481,2555
1789539118.624491,2546,2481,2556
1789539118.678665,2547,2483,2555
1789539118.7250893,2546,2480,2556
1789539118.7776058,2547,2481,2556
1789539118.828871,2546,2481,2556
1789539118.8717358,2547,2481,2556
1789539118.9291863,2547,2480,2556
1789539118.97667,2546,2481,2556
1789539119.0294821,2546,2481,2555
1789539119.0695837,2545,2481,2555
1789539119.1282198,2542,2481,2553
1789539119.1711695,2549,2481,2555
1789539119.2189584,2546,2482,2555
1789539119.2753031,2546,2481,2556
1789539119.329941,2546,2481,2555
1789539119.3797486,2547,2481,2556
1789539119.429711,2546,2480,2556
1789539119.4765787,2546,2480,2555
1789539119.5183103,2546,2481,2556
1789539119.5800254,2546,2481,2556
1789539119.621757,2546,2480,2551
1789539119.6800256,2546,2481,2556
1789539119.730111,2546,2480,2555
1789539119.775188,2545,2482,2554
1789539119.8167806,2547,2481,2556
1789539119.8802066,2546,2481,2555
1789539119.927874,2546,2481,2556
1789539119.9696236,2547,2480,2558
1789539120.0259175,2547,2480,2556
1789539120.0805137,2547,2481,2556
1789539120.12232,2546,2480,2556
1789539120.1794064,2548,2480,2556
1789539120.2307549,2546,2482,2555
1789539120.2807715,2547,2480,2558
1789539120.3228428,2546,2482,2556
1789539120.3653738,2542,2481,2556
1789539120.430998,2547,2480,2555
1789539120.4757624,2547,2481,2555
1789539120.518079,2546,2480,2555
1789539120.5812793,2546,2477,2557
1789539120.629199,2547,2482,2557
1789539120.6708572,2546,2481,2556
1789539120.7286065,2547,2481,2555
1789539120.7810097,2548,2481,2556
1789539120.8235295,2547,2481,2556
1789539120.8813112,2546,2481,2558
1789539120.9315965,2546,2480,2555
1789539120.9762619,2546,2481,2556
1789539121.0173266,2547,2481,2556
1789539121.08064,2546,2480,2556
1789539121.12211,2547,2481,2556
1789539121.1792152,2546,2481,2555
1789539121.2319453,2547,2481,2556
1789539121.2749355,2546,2481,2555
1789539121.3303423,2545,2481,2556
1789539121.3720727,2547,2480,2556
1789539121.4298594,2547,2480,2555
1789539121.481899,2547,2480,2556
1789539121.5239844,2546,2481,2556
1789539121.5829663,2546,2481,2552
1789539121.6325123,2547,2480,2556
1789539121.676943,2548,2482,2555
1789539121.7191844,2542,2481,2555
1789539121.7826805,2546,2480,2557
1789539121.8296256,2546,2480,2556
1789539121.8788774,2546,2531,2555
1789539121.9205773,2546,2608,2557
1789539121.9831424,2547,2679,2556
1789539122.0329509,2546,2757,2556
1789539122.0803037,2547,2829,2556
1789539122.1304162,2546,2865,2556
1789539122.1831605,2547,2863,2556
1789539122.225445,2547,2862,2559
1789539122.2677748,2547,2863,2559
1789539122.3301814,2546,2864,2556
1789539122.3709862,2546,2863,2556
1789539122.4330773,2546,2863,2556
1789539122.4760325,2547,2863,2556
1789539122.5336733,2546,2863,2556
1789539122.5836952,2546,2863,2555
1789539122.6288233,2546,2862,2556
1789539122.6704693,2546,2862,2556
1789539122.7338457,2546,2862,2556
1789539122.781531,2547,2863,2556
1789539122.8231423,2546,2863,2556
1789539122.879982,2547,2863,2556
1789539122.9273686,2546,2862,2556
1789539122.984346,2546,2863,2556
1789539123.034272,2547,2863,2555
1789539123.0793536,2547,2863,2557
1789539123.1210468,2546,2862,2556
1789539123.184561,2546,2862,2556
1789539123.2327824,2547,2862,2556
1789539123.2822175,2547,2863,2551
1789539123.329269,2547,2862,2556
1789539123.378673,2547,2863,2557
1789539123.4195924,2548,2862,2557
1789539123.4821067,2546,2863,2555
1789539123.5244203,2546,2862,2556
1789539123.5822341,2547,2865,2556
1789539123.6342633,2547,2863,2556
1789539123.6702619,2546,2864,2556
1789539123.735153,2546,2863,2556
1789539123.7804348,2547,2855,2556
1789539123.829899,2547,2850,2558
1789539123.8785381,2549,2843,2556
1789539123.9202278,2547,2835,2555
1789539123.982709,2547,2825,2558
1789539124.0243742,2546,2810,2555
1789539124.0860806,2547,2799,2556
1789539124.128301,2546,2783,2555
1789539124.184772,2546,2759,2557
1789539124.2249315,2546,2730,2555
1789539124.2743347,2547,2699,2556
1789539124.3355155,2547,2661,2557
1789539124.37848,2547,2622,2555
1789539124.436033,2546,2582,2556
1789539124.4856594,2546,2536,2556
1789539124.53124,2547,2487,2556
1789539124.5798254,2546,2441,2555
1789539124.6260908,2546,2399,2555
1789539124.686376,2547,2356,2556
1789539124.7317622,2546,2315,2556
1789539124.7741573,2547,2276,2556
1789539124.836049,2547,2243,2556
1789539124.8777244,2547,2219,2557
1789539124.9354148,2548,2205,2555
1789539124.9867167,2546,2206,2556
1789539125.0369198,2547,2206,2555
1789539125.0788705,2546,2207,2556
1789539125.1355252,2547,2208,2556
1789539125.1836436,2546,2205,2556
1789539125.2300272,2546,2206,2555
1789539125.2873595,2546,2206,2558
1789539125.335822,2546,2206,2556
1789539125.3781278,2546,2205,2556
1789539125.43537,2546,2205,2557
1789539125.48737,2546,2206,2556
1789539125.5309727,2546,2205,2556
1789539125.5795834,2547,2206,2556
1789539125.6373596,2547,2205,2557
1789539125.6876643,2546,2206,2555
1789539125.7320406,2547,2205,2555
1789539125.7727349,2547,2205,2556
1789539125.8340936,2546,2205,2556
1789539125.8858986,2546,2206,2555
1789539125.926757,2547,2205,2556
1789539125.9885745,2546,2205,2557
1789539126.0371037,2547,2205,2557
1789539126.0855162,2547,2205,2555
1789539126.1273923,2547,2207,2556
1789539126.1858432,2547,2207,2555
1789539126.238113,2547,2203,2557
1789539126.2808373,2546,2206,2556
1789539126.3384554,2546,2208,2556
1789539126.3882189,2546,2207,2556
1789539126.4373322,2546,2205,2556
1789539126.4752991,2547,2206,2556
1789539126.5386617,2547,2206,2556
1789539126.5863476,2548,2234,2556
1789539126.6388597,2547,2291,2556
1789539126.6760285,2546,2377,2555
1789539126.7383733,2546,2485,2559
1789539126.7870374,2547,2596,2556
1789539126.83831,2547,2693,2556
1789539126.8863924,2546,2756,2556
1789539126.9391663,2547,2781,2555
1789539126.9821177,2546,2784,2556
1789539127.0393856,2547,2784,2555
1789539127.0853372,2546,2783,2556
1789539127.1394813,2545,2784,2556
1789539127.182706,2547,2784,2555
1789539127.2243774,2547,2784,2556
1789539127.2896104,2547,2782,2556
1789539127.3361967,2546,2784,2556
1789539127.377768,2547,2783,2556
1789539127.4395456,2547,2784,2555
1789539127.4882133,2546,2783,2556
1789539127.5306518,2546,2784,2556
1789539127.5883827,2547,2784,2555
1789539127.6400542,2547,2783,2555
1789539127.6754804,2547,2785,2556
1789539127.7313354,2546,2783,2556
1789539127.7896914,2546,2784,2556
1789539127.8353267,2546,2784,2556
1789539127.8844063,2546,2782,2557
1789539127.9261525,2547,2785,2558
1789539127.9898396,2548,2785,2556
1789539128.0365555,2546,2783,2555
1789539128.0781946,2546,2783,2556
1789539128.1402824,2547,2784,2557
1789539128.1763487,2547,2783,2556
1789539128.2379806,2547,2785,2552
1789539128.288193,2547,2786,2556
1789539128.3359468,2546,2784,2556
1789539128.3866365,2546,2782,2557
1789539128.4401293,2547,2782,2555
1789539128.4909747,2546,2785,2556
1789539128.537403,2547,2785,2555
1789539128.57892,2547,2784,2556
1789539128.6406407,2546,2782,2555
1789539128.6893184,2546,2785,2556
1789539128.730488,2547,2788,2556
1789539128.7910037,2549,2789,2556
1789539128.8415773,2546,2789,2556
1789539128.8775961,2547,2775,2557
1789539128.941751,2547,2727,2556
1789539128.9885921,2547,2688,2557
1789539129.030332,2547,2646,2556
1789539129.0921776,2546,2606,2555
1789539129.1412492,2546,2567,2556
1789539129.1829982,2546,2532,2557
1789539129.2398446,2547,2490,2556
1789539129.286519,2547,2451,2557
1789539129.3281744,2547,2417,2556
1789539129.392238,2547,2393,2556
1789539129.4391665,2543,2367,2556
1789539129.480913,2546,2344,2555
1789539129.5393906,2546,2331,2555
1789539129.5857823,2546,2328,2556
1789539129.6407993,2547,2327,2556
1789539129.689896,2546,2329,2556
1789539129.7306364,2546,2328,2556
1789539129.793137,2546,2328,2557
1789539129.8357334,2547,2328,2553
1789539129.8773084,2546,2329,2556
1789539129.942998,2547,2328,2557
1789539129.9815319,2547,2329,2556
1789539130.0432045,2547,2328,2555
1789539130.0850048,2547,2328,2556
1789539130.1432357,2546,2328,2556
1789539130.1933274,2546,2327,2556
1789539130.2384512,2547,2328,2557
1789539130.2793617,2546,2328,2557
1789539130.342594,2546,2328,2556
1789539130.3842475,2547,2331,2555
1789539130.441938,2547,2328,2556
1789539130.487529,2547,2328,2556
1789539130.5300045,2547,2328,2555
1789539130.5938456,2546,2328,2556
1789539130.641127,2547,2328,2556
1789539130.691906,2546,2328,2555
1789539130.7439783,2546,2327,2556
1789539130.7868953,2547,2329,2555
1789539130.844625,2547,2329,2556
1789539130.8910553,2546,2328,2556
1789539130.9349847,2547,2327,2556
1789539130.9944317,2546,2328,2556
1789539131.04383,2547,2328,2557
1789539131.0854902,2546,2329,2555
1789539131.142713,2547,2327,2557
1789539131.1945863,2549,2327,2557
1789539131.2375858,2547,2328,2555
1789539131.2798374,2547,2328,2556
1789539131.3447993,2547,2328,2556
1789539131.3830605,2546,2328,2555
1789539131.4448655,2547,2327,2556
1789539131.4944112,2547,2329,2556
1789539131.536716,2547,2371,2556
1789539131.594517,2547,2516,2556
1789539131.6449678,2547,2630,2556
1789539131.6892955,2546,2715,2556
1789539131.7311416,2546,2788,2556
1789539131.7953315,2547,2843,2552
1789539131.842282,2547,2884,2556
1789539131.883132,2547,2911,2556
1789539131.9454453,2547,2911,2556
1789539131.9950395,2547,2911,2555
1789539132.035906,2547,2913,2556
1789539132.0944471,2546,2913,2556
1789539132.145782,2549,2913,2556
1789539132.181721,2546,2913,2555
1789539132.2449112,2547,2912,2555
1789539132.2859178,2547,2912,2556
1789539132.3432536,2546,2913,2556
1789539132.390021,2547,2913,2555
1789539132.431357,2546,2913,2557
1789539132.4873035,2547,2912,2556
1789539132.5452309,2546,2912,2556
1789539132.5963802,2546,2913,2557
1789539132.6407628,2546,2913,2555
1789539132.682155,2549,2912,2556
1789539132.7465825,2547,2913,2556
1789539132.7865574,2546,2912,2556
1789539132.844291,2547,2914,2555
1789539132.8963358,2546,2911,2555
1789539132.9385805,2547,2913,2555
1789539132.987177,2547,2912,2556
1789539133.0449421,2547,2913,2556
1789539133.0969794,2546,2912,2556
1789539133.140602,2545,2912,2556
1789539133.1822953,2546,2913,2557
1789539133.2468054,2547,2912,2556
1789539133.2864695,2548,2912,2555
1789539133.344682,2546,2911,2555
1789539133.3905983,2550,2911,2556
1789539133.4321752,2546,2913,2556
1789539133.4974895,2547,2913,2556
1789539133.5461526,2546,2913,2556
1789539133.5842001,2546,2913,2556
1789539133.647523,2546,2914,2556
1789539133.6951742,2546,2916,2556
1789539133.7368798,2547,2912,2556
1789539133.7947388,2546,2912,2556
1789539133.8475406,2547,2913,2556
1789539133.8903184,2546,2907,2555
1789539133.9477084,2548,2883,2556
1789539133.998113,2547,2851,2555
1789539134.048187,2546,2821,2555
1789539134.0918458,2547,2763,2556
1789539134.1332188,2547,2673,2557
1789539134.1983798,2547,2596,2556
1789539134.243886,2546,2534,2556
1789539134.2873743,2547,2492,2555
1789539134.3479047,2547,2447,2557
1789539134.389659,2547,2414,2555
1789539134.4470506,2546,2385,2556
1789539134.4933302,2545,2357,2556
1789539134.5354545,2546,2345,2555
1789539134.598649,2549,2323,2556
1789539134.6403024,2546,2308,2557
1789539134.6980944,2546,2292,2554
1789539134.7490652,2547,2283,2556
1789539134.7930124,2547,2284,2556
1789539134.8346636,2546,2283,2556
1789539134.8964872,2549,2294,2557
1789539134.9388995,2547,2297,2557
1789539134.996623,2546,2295,2556
1789539135.048696,2546,2291,2555
1789539135.0923269,2546,2298,2555
1789539135.1493409,2547,2296,2556
1789539135.1996286,2547,2297,2556
1789539135.2436686,2546,2296,2556
1789539135.2979164,2546,2296,2556
1789539135.3485377,2546,2296,2556
1789539135.3998272,2546,2298,2556
1789539135.4470665,2547,2296,2557
1789539135.4999754,2549,2296,2554
1789539135.542134,2549,2296,2556
1789539135.5845225,2547,2297,2556
1789539135.6470864,2546,2295,2556
1789539135.6964645,2546,2296,2555
1789539135.750483,2547,2295,2556
1789539135.7921598,2547,2295,2557
1789539135.8499467,2547,2296,2556
1789539135.9005258,2546,2296,2556
1789539135.9456596,2546,2297,2556
1789539135.9873157,2546,2296,2559
1789539136.0505648,2547,2296,2556
1789539136.1004212,2549,2296,2556
1789539136.1461847,2546,2295,2557
1789539136.2005873,2546,2295,2556
1789539136.243323,2546,2296,2558
1789539136.300967,2546,2295,2555
1789539136.3483493,2546,2296,2556
1789539136.389264,2547,2296,2555
1789539136.4517376,2547,2296,2556
1789539136.500574,2547,2296,2556
1789539136.5511985,2548,2296,2556
1789539136.6014516,2546,2296,2556
1789539136.6461325,2547,2296,2556
1789539136.6999373,2546,2322,2555
1789539136.7510917,2547,2487,2556
1789539136.792634,2546,2624,2556
1789539136.849763,2547,2746,2556
1789539136.9010339,2546,2845,2559
1789539136.9454503,2546,2906,2556
1789539136.9871097,2546,2919,2555
1789539137.0520062,2546,2919,2556
1789539137.1019216,2547,2919,2556
1789539137.139619,2547,2920,2556
1789539137.2010524,2547,2920,2558
1789539137.2433197,2546,2919,2556
1789539137.3017201,2546,2920,2555
1789539137.3520792,2546,2919,2556
1789539137.3967054,2547,2920,2556
1789539137.4384072,2546,2918,2556
1789539137.5023296,2547,2920,2556
1789539137.549431,2546,2922,2556
1789539137.5904114,2547,2920,2557
1789539137.6527276,2546,2919,2556
1789539137.7023444,2547,2919,2556
1789539137.7527368,2547,2919,2556
1789539137.7994423,2546,2919,2556
1789539137.8411071,2546,2919,2555
1789539137.902773,2547,2920,2556
1789539137.951333,2546,2919,2557
1789539137.9931548,2547,2919,2553
1789539138.051605,2547,2919,2556
1789539138.1032748,2546,2919,2556
1789539138.1457808,2547,2919,2556
1789539138.2032723,2547,2919,2555
1789539138.242897,2546,2921,2556
1789539138.2914789,2547,2919,2556
1789539138.3535912,2547,2919,2555
1789539138.3965535,2546,2917,2556
1789539138.45338,2547,2884,2555
1789539138.5003529,2547,2820,2556
1789539138.5515223,2547,2772,2556
1789539138.5978208,2547,2707,2557
1789539138.6395812,2546,2634,2556
1789539138.7020516,2547,2546,2554
1789539138.7528534,2549,2481,2554
1789539138.804221,2549,2430,2556
1789539138.8477788,2547,2380,2556
1789539138.9041195,2547,2330,2556
1789539138.9450614,2546,2279,2555
1789539139.0033095,2546,2236,2556
1789539139.0492163,2547,2214,2555
1789539139.0900385,2547,2214,2556
1789539139.1456695,2547,2214,2556
1789539139.204112,2547,2214,2556
1789539139.2543225,2547,2216,2556
1789539139.2991374,2546,2214,2555
1789539139.3476574,2546,2213,2557
1789539139.404348,2546,2212,2555
1789539139.4518228,2547,2214,2556
1789539139.492911,2549,2213,2556
1789539139.5551333,2547,2213,2556
1789539139.6038187,2547,2214,2555
1789539139.645778,2547,2215,2556
1789539139.7040668,2549,2211,2555
1789539139.7503982,2546,2214,2556
1789539139.797353,2547,2214,2555
1789539139.8554702,2546,2213,2555
1789539139.9024801,2546,2214,2556
1789539139.944907,2547,2214,2555
1789539140.002402,2546,2214,2556
1789539140.0557644,2547,2215,2555
1789539140.1028495,2547,2214,2556
1789539140.155357,2547,2245,2556
1789539140.2059083,2546,2266,2556
1789539140.2426815,2546,2266,2557
1789539140.3061938,2546,2266,2555
1789539140.3537905,2546,2266,2556
1789539140.4061759,2546,2266,2556
1789539140.4562926,2547,2266,2558
1789539140.506403,2546,2266,2556
1789539140.556461,2546,2267,2556
1789539140.606459,2547,2267,2556
1789539140.6460707,2546,2266,2556
1789539140.70658,2546,2266,2556
1789539140.7500157,2546,2266,2556
1789539140.806852,2547,2267,2556
1789539140.8544068,2547,2271,2556
1789539140.9070258,2546,2300,2556
1789539140.9508967,2547,2328,2556
1789539141.0072427,2546,2353,2555
1789539141.0570168,2546,2353,2555
1789539141.1063411,2547,2352,2556
1789539141.1568522,2547,2352,2555
1789539141.2073944,2547,2353,2556
1789539141.2424212,2546,2352,2556
1789539141.3075392,2546,2352,2555
1789539141.3564532,2547,2352,2556
1789539141.4074788,2546,2350,2558
1789539141.443603,2546,2353,2556
1789539141.5076962,2546,2353,2555
1789539141.556371,2546,2352,2556
1789539141.6077778,2546,2351,2556
1789539141.6550643,2547,2352,2556
1789539141.7077096,2546,2352,2556
1789539141.750076,2542,2353,2556
1789539141.8078222,2546,2354,2555
1789539141.8580546,2546,2355,2557
1789539141.9080489,2546,2353,2555
1789539141.943632,2547,2352,2556
1789539142.0082734,2547,2352,2555
1789539142.0485435,2547,2352,2556
1789539142.1083567,2547,2352,2555
1789539142.1583984,2547,2353,2556
1789539142.208468,2547,2351,2555
1789539142.243238,2547,2352,2555
1789539142.308678,2549,2353,2555
1789539142.346383,2547,2352,2555
1789539142.4090254,2546,2353,2556
1789539142.4573705,2546,2352,2555
1789539142.5092251,2548,2351,2555
1789539142.5545993,2546,2355,2556
1789539142.6091125,2546,2354,2556
1789539142.6583211,2546,2353,2554
1789539142.7094064,2547,2352,2555
1789539142.7580335,2546,2352,2556
1789539142.809412,2546,2353,2556
1789539142.8470693,2546,2352,2556
1789539142.9094431,2546,2353,2556
1789539142.9581718,2546,2348,2556
1789539143.0094674,2546,2353,2556
1789539143.0474823,2546,2353,2556
1789539143.1096048,2547,2352,2555
1789539143.1525295,2547,2353,2555
1789539143.209836,2546,2352,2555
1789539143.2559516,2547,2353,2556
1789539143.3098667,2546,2352,2555
1789539143.359562,2547,2353,2555
1789539143.4100654,2547,2353,2557
1789539143.4600825,2547,2353,2556
1789539143.5101154,2546,2353,2556
1789539143.5602303,2547,2352,2555
1789539143.6104312,2546,2352,2555
1789539143.6454873,2546,2351,2555
1789539143.7103283,2547,2353,2555
1789539143.7566316,2546,2353,2556
1789539143.810386,2546,2355,2555
1789539143.8604765,2547,2354,2555
1789539143.910578,2547,2354,2556
1789539143.960146,2547,2352,2555
1789539144.0107224,2546,2353,2556
1789539144.0544686,2547,2352,2557
1789539144.109416,2546,2352,2556
1789539144.1524484,2547,2351,2556
1789539144.2110813,2546,2352,2556
1789539144.2565212,2547,2352,2556
1789539144.31116,2547,2353,2556
1789539144.3612218,2546,2353,2556
1789539144.4113624,2546,2353,2557
1789539144.4503424,2546,2352,2558
1789539144.511394,2546,2353,2558
1789539144.5607207,2547,2352,2555
1789539144.6117473,3111,2351,2556
1789539144.6514428,4089,2354,2556
1789539144.7099721,4089,2352,2556
1789539144.7616403,4089,2353,2555
1789539144.8049982,4089,2352,2556
1789539144.8466778,4089,2352,2556
1789539144.9111867,4089,2352,2556
1789539144.957774,4088,2355,2555
1789539145.0123715,4089,2352,2555
1789539145.0618412,4089,2352,2556
1789539145.1035807,4088,2354,2551
1789539145.161157,4088,2353,2555
1789539145.206854,4089,2352,2556
1789539145.2508614,4088,2353,2557
1789539145.311861,4088,2352,2556
1789539145.3527439,4089,2352,2556
1789539145.4105573,4089,2353,2557
1789539145.4626513,4088,2352,2556
1789539145.5062737,4088,2351,2556
1789539145.5525825,4089,2352,2556
1789539145.612837,4089,2353,2553
1789539145.6590536,4088,2354,2556
1789539145.7076275,4088,2354,2556
1789539145.7546892,4088,2352,2559
1789539145.8130293,4089,2352,2556
1789539145.8631468,4089,2351,2557
1789539145.9131827,4088,2352,2555
1789539145.9569254,4089,2353,2555
1789539145.9991398,4089,2352,2556
1789539146.06336,4088,2352,2557
1789539146.1095686,4089,2353,2556
1789539146.1598914,4089,2352,2556
1789539146.2131624,4088,2352,2556
1789539146.257772,4089,2351,2556
1789539146.313687,4089,2352,2555
1789539146.3602939,4089,2353,2556
1789539146.4018853,4088,2353,2556
1789539146.4636936,4089,2352,2556
1789539146.513024,4089,2352,2556
1789539146.5609083,4089,2351,2555
1789539146.6025252,4089,2352,2556
1789539146.6640906,4088,2352,2555
1789539146.7137778,4089,2352,2556
1789539146.7612731,4089,2352,2558
1789539146.8137357,4088,2352,2556
1789539146.8591928,4088,2353,2555
1789539146.9144292,4089,2351,2556
1789539146.9594064,4088,2353,2556
1789539147.0144236,4088,2353,2556
1789539147.064624,4088,2353,2556
1789539147.109403,4088,2352,2555
1789539147.161009,4089,2353,2556
1789539147.2067761,4088,2351,2556
1789539147.2647786,4089,2352,2555
1789539147.3114357,4089,2353,2557
1789539147.3627162,4088,2351,2556
1789539147.414784,4088,2353,2556
1789539147.464216,4089,2353,2556
1789539147.5058334,4088,2352,2556
1789539147.5635793,4066,2352,2557
1789539147.6153052,3832,2353,2556
1789539147.6586218,3611,2352,2555
1789539147.7002711,3439,2352,2556
1789539147.7654452,3305,2352,2556
1789539147.8104737,3219,2351,2555
1789539147.853044,3108,2353,2556
1789539147.915496,3047,2354,2556
1789539147.9643269,2999,2352,2558
1789539148.0158358,2938,2352,2556
1789539148.0605214,2937,2352,2557
1789539148.1025324,2876,2352,2555
1789539148.1660492,2841,2354,2557
1789539148.2132077,2837,2355,2556
1789539148.266029,2840,2353,2555
1789539148.316247,2791,2352,2556
1789539148.3657496,2584,2352,2555
1789539148.4014468,2546,2353,2556
1789539148.4664452,2547,2353,2554
1789539148.5113513,2546,2353,2555
1789539148.566728,2543,2352,2555
1789539148.6159544,2545,2352,2556
1789539148.6654184,2547,2351,2556
1789539148.707004,2546,2352,2556
1789539148.763368,2546,2353,2555
1789539148.8105412,2548,2355,2556
1789539148.8520691,2550,2353,2555
1789539148.9145613,2547,2347,2555
1789539148.9567704,2546,2351,2556
1789539149.0170996,2547,2352,2556
1789539149.0667863,2547,2354,2556
1789539149.1096857,2546,2353,2556
1789539149.1660464,2547,2352,2556
1789539149.213887,2546,2352,2556
1789539149.2639785,2547,2353,2555
1789539149.3167276,2546,2354,2556
1789539149.3520324,2546,2353,2559
1789539149.4152465,2546,2353,2558
1789539149.4568527,2546,2350,2556
1789539149.5146303,2546,2353,2556
1789539149.5677075,2547,2351,2556
1789539149.6095665,2546,2352,2556
1789539149.667841,2547,2353,2556
1789539149.7137792,2548,2352,2555
1789539149.755365,2546,2352,2556
1789539149.817908,2547,2353,2556
1789539149.8593507,2547,2352,2556
1789539149.9177144,2546,2348,2556
1789539149.9628534,2546,2353,2555
1789539150.0123475,2547,2352,2557
1789539150.0534046,2547,2349,2554
1789539150.1185064,2547,2353,2555
1789539150.1643538,2547,2351,2556
1789539150.212958,2547,2353,2558
1789539150.2552705,2546,2352,2557
1789539150.3180315,2546,2353,2557
1789539150.3664277,2546,2352,2556
1789539150.4172232,2546,2352,2556
1789539150.462336,2547,2353,2556
1789539150.5050526,2542,2352,2555
1789539150.5690143,2546,2355,2556
1789539150.6154547,2547,2353,2557
1789539150.6572726,2546,2352,2556
1789539150.7197585,2547,2352,2556
1789539150.7690244,2546,2352,2556
1789539150.8038464,2546,2353,2555
1789539150.8694494,2546,2352,2556
1789539150.9194922,2547,2353,2555
1789539150.9558096,2547,2353,2556
1789539151.0190935,2547,2353,2555
1789539151.0607448,2542,2352,2556
1789539151.1184478,2547,2352,2555
1789539151.164886,2547,2352,2555
1789539151.2057273,2546,2352,2556
1789539151.2687993,2547,2352,2556
1789539151.3098438,4089,2353,2556
1789539151.367001,4088,2353,2555
1789539151.4070718,4088,2354,2555
1789539151.4696813,4089,2353,2556
1789539151.5180376,4089,2353,2555
1789539151.560644,4089,2353,2556
1789539151.6194193,4089,2352,2556
1789539151.6698973,4089,2353,2556
1789539151.7055705,4088,2352,2555
1789539151.7611063,4088,2352,2556
1789539151.81914,4088,2354,2556
1789539151.8701153,4087,2353,2555
1789539151.9138427,4089,2352,2556
1789539151.9554214,4089,2354,2555
1789539152.010986,4088,2353,2556
1789539152.0677133,4088,2354,2556
1789539152.1082468,4088,2352,2555
1789539152.1706467,4089,2354,2557
1789539152.2123663,4088,2353,2555
1789539152.2698915,4089,2353,2556
1789539152.3103232,4088,2353,2556
1789539152.367541,4089,2352,2556
1789539152.4206986,4089,2351,2555
1789539152.469274,4089,2352,2556
1789539152.5109107,4088,2351,2556
1789539152.571323,4089,2351,2556
1789539152.6150815,4088,2348,2556
1789539152.656742,4088,2352,2556
1789539152.7211764,4088,2353,2556
1789539152.7678053,4089,2353,2556
1789539152.8119152,4088,2353,2555
1789539152.871818,4089,2352,2556
1789539152.9205902,4088,2353,2556
1789539152.9622407,4090,2354,2556
1789539153.019955,4089,2353,2556
1789539153.0663888,4088,2353,2556
1789539153.1146798,4087,2353,2557
1789539153.1565802,4089,2353,2556
1789539153.219218,4088,2352,2555
1789539153.2700782,4088,2352,2556
1789539153.3223095,4088,2352,2554
1789539153.3580065,4089,2351,2556
1789539153.4204793,3929,2353,2558
1789539153.4621174,3561,2352,2551
1789539153.5196605,3341,2352,2556
1789539153.5663083,3219,2352,2554
1789539153.6079407,3059,2352,2557
1789539153.6704016,2913,2353,2557
1789539153.7227275,2865,2352,2556
1789539153.769583,2867,2351,2556
1789539153.819279,2767,2353,2556
1789539153.857906,2560,2352,2556
1789539153.9203959,2547,2351,2556
1789539153.9620383,2545,2351,2557
1789539154.0235467,2547,2352,2555
1789539154.0592144,2547,2354,2556
1789539154.1217754,2546,2353,2556
1789539154.1630905,2547,2353,2556
1789539154.2210736,2547,2352,2556
1789539154.2675338,2547,2352,2555
1789539154.3227932,2547,2352,2557
1789539154.373629,2546,2353,2555
1789539154.4202578,2546,2353,2556
1789539154.4619293,2546,2352,2557
1789539154.5241487,2546,2352,2557
1789539154.5737236,2546,2352,2558
1789539154.614627,2546,2352,2555
1789539154.6740577,2546,2353,2556
1789539154.7188153,2546,2353,2554
1789539154.7674212,2547,2353,2556
1789539154.823978,2546,2352,2557
1789539154.8715086,2546,2351,2556
1789539154.9131885,2547,2353,2556
1789539154.9687257,2547,2353,2557
1789539155.0103636,2546,2351,2555
1789539155.0664184,2546,2351,2554
1789539155.1240697,2546,2353,2555
1789539155.1749058,2545,2353,2556
1789539155.2196472,2546,2355,2556
1789539155.2681777,2743,2352,2557
1789539155.3250122,4090,2352,2555
1789539155.3723938,4089,2355,2556
1789539155.4133213,4089,2353,2556
1789539155.475793,4089,2352,2556
1789539155.5250933,4088,2353,2555
1789539155.566798,4088,2352,2557
1789539155.624551,4089,2352,2556
1789539155.6700997,4090,2352,2555
1789539155.7121344,4088,2353,2556
1789539155.7741852,4088,2352,2556
1789539155.815464,4089,2353,2558
1789539155.871493,4089,2353,2556
1789539155.9132743,4088,2352,2556
1789539155.9751527,4088,2351,2555
1789539156.0179634,4089,2352,2557
1789539156.0758057,4089,2352,2556
1789539156.1261168,4089,2353,2556
1789539156.170786,4088,2352,2555
1789539156.2117789,4089,2353,2555
1789539156.274976,4089,2353,2556
1789539156.32361,4089,2353,2556
1789539156.3644707,4090,2352,2555
1789539156.4270003,4088,2352,2556
1789539156.4755478,4089,2351,2553
1789539156.5170355,4089,2355,2556
1789539156.5665646,4088,2352,2555
1789539156.6243248,4089,2352,2556
1789539156.676402,4089,2352,2556
1789539156.711796,4089,2351,2555
1789539156.7765045,4088,2353,2558
1789539156.8269727,4089,2352,2556
1789539156.8707664,4088,2352,2556
1789539156.9136887,4088,2353,2555
1789539156.976584,4088,2352,2556
1789539157.0241816,4088,2353,2559
1789539157.0658236,4040,2348,2556
1789539157.1272705,3807,2351,2556
1789539157.1774085,3476,2352,2556
1789539157.2191675,3145,2352,2556
1789539157.27696,2938,2353,2556
1789539157.3234048,2840,2352,2556
1789539157.3713615,2840,2353,2556
1789539157.4176755,2840,2352,2557
1789539157.476147,2767,2353,2556
1789539157.5177348,2755,2353,2555
1789539157.575553,2766,2353,2556
1789539157.6276085,2755,2352,2556
1789539157.6697605,2766,2351,2557
1789539157.727593,2755,2355,2556
1789539157.7780287,2766,2353,2556
1789539157.8232465,2755,2352,2556
1789539157.8775487,2754,2353,2556
1789539157.9205072,2755,2352,2556
1789539157.977266,2766,2353,2556
1789539158.02459,2755,2353,2556
1789539158.0655308,2766,2353,2556
1789539158.127984,2755,2355,2559
1789539158.1773982,2755,2351,2556
1789539158.2230887,2766,2352,2556
1789539158.276105,2767,2352,2556
1789539158.328843,2754,2353,2556
1789539158.3710341,2755,2353,2556
1789539158.428207,2755,2353,2558
1789539158.4682791,2755,2352,2556
1789539158.5267596,2767,2353,2556
1789539158.5788045,2756,2353,2556
1789539158.6263983,4090,2353,2556
1789539158.679376,4089,2351,2556
1789539158.7294157,4089,2352,2556
1789539158.7776835,4087,2352,2557
1789539158.8277557,4088,2353,2555
1789539158.8795676,4088,2353,2555
1789539158.920263,4089,2352,2555
1789539158.9689338,4089,2352,2556
1789539159.029779,4089,2353,2555
1789539159.07235,4089,2352,2556
1789539159.1299584,4088,2352,2556
1789539159.1799407,4089,2351,2555
1789539159.2301812,4089,2352,2556
1789539159.2674613,4089,2353,2556
1789539159.329129,4088,2352,2556
1789539159.378567,4090,2353,2555
1789539159.4298122,4089,2353,2556
1789539159.4678488,4088,2353,2556
1789539159.5300143,4089,2347,2556
1789539159.5721908,4089,2352,2555
1789539159.6305332,4088,2354,2556
1789539159.6806266,4089,2352,2555
1789539159.7299733,4088,2352,2556
1789539159.7735593,4089,2351,2556
1789539159.815252,4089,2352,2552
1789539159.8808377,4088,2352,2556
1789539159.9270287,4089,2353,2551
1789539159.9686983,4088,2352,2556
1789539160.0310335,4088,2352,2556
1789539160.0719647,4089,2352,2556
1789539160.1305604,4089,2353,2556
1789539160.1813662,4090,2352,2556
1789539160.225535,4089,2348,2556
1789539160.2664964,4088,2352,2555
1789539160.3295116,4089,2352,2556
1789539160.3778138,4088,2352,2556
1789539160.4191153,4088,2353,2555
1789539160.4816456,4088,2352,2556
1789539160.523196,4088,2352,2556
1789539160.5817494,4088,2351,2555
1789539160.6282682,4089,2352,2555
1789539160.6791294,3673,2352,2556
1789539160.7311811,2901,2353,2554
1789539160.773355,2632,2353,2557
1789539160.831137,2546,2353,2555
1789539160.8820875,2546,2352,2556
1789539160.932144,2546,2355,2556
1789539160.9822116,2546,2352,2555
1789539161.024079,2560,2352,2556
1789539161.0802932,2550,2351,2556
1789539161.1273313,2547,2351,2551
1789539161.1768475,2560,2352,2556
1789539161.217715,2560,2354,2555
1789539161.2807405,2561,2351,2555
1789539161.3224962,2560,2351,2556
1789539161.3796847,2562,2353,2556
1789539161.4324148,2547,2353,2556
1789539161.4828875,2561,2354,2556
1789539161.523246,2560,2352,2555
1789539161.5821085,2560,2353,2555
1789539161.628095,2558,2353,2556
1789539161.669796,2560,2352,2555
1789539161.7331624,2547,2353,2556
1789539161.7799745,2560,2352,2554
1789539161.822182,2561,2353,2555
1789539161.8823912,2561,2352,2555
1789539161.9327526,2560,2353,2556
1789539161.9752533,2562,2352,2555
1789539162.0330179,2560,2352,2555
1789539162.07871,2559,2353,2556
1789539162.1275775,2559,2353,2555
1789539162.178616,2560,2352,2555
1789539162.233854,2559,2352,2555
1789539162.2803848,2561,2353,2556
1789539162.32181,3194,2353,2556
1789539162.3836076,4088,2352,2556
1789539162.433507,4088,2352,2556
1789539162.4808512,4088,2352,2556
1789539162.5314145,4089,2352,2558
1789539162.5810628,4088,2352,2556
1789539162.620992,4087,2352,2556
1789539162.6843562,4089,2352,2556
1789539162.732006,4089,2353,2557
1789539162.7827737,4088,2352,2556
1789539162.831424,4089,2352,2559
1789539162.884369,4089,2353,2556
1789539162.9264297,4089,2352,2557
1789539162.983505,4088,2353,2555
1789539163.0313494,4088,2352,2555
1789539163.08368,4089,2352,2556
1789539163.1205463,4090,2352,2556
1789539163.184753,4089,2352,2557
1789539163.233859,4089,2352,2556
1789539163.283908,4089,2352,2555
1789539163.3349218,4088,2352,2557
1789539163.384916,4088,2352,2556
1789539163.4253287,4087,2352,2555
1789539163.484774,4088,2353,2555
1789539163.5354488,4089,2354,2556
1789539163.5847971,4088,2353,2558
1789539163.620785,4090,2352,2555
1789539163.6855996,4089,2352,2556
1789539163.7357054,4088,2352,2556
1789539163.7859752,4089,2354,2556
1789539163.8220742,4089,2352,2556
1789539163.8858385,4088,2353,2556
1789539163.9331772,4088,2353,2557
1789539163.9859784,3868,2353,2555
1789539164.0366073,3463,2352,2557
1789539164.0861044,2999,2352,2555
1789539164.136079,2755,2353,2555
1789539164.1864066,2560,2351,2557
1789539164.2357748,2562,2354,2556
1789539164.2860267,2546,2353,2554
1789539164.3280919,2546,2351,2557
1789539164.3865414,2546,2353,2552
1789539164.4366128,2546,2352,2556
1789539164.4866571,2547,2352,2556
1789539164.522517,2559,2348,2556
1789539164.5867312,2560,2352,2556
1789539164.6343858,2560,2349,2555
1789539164.687098,2559,2353,2556
1789539164.733882,2561,2353,2556
1789539164.7859106,2560,2352,2556
1789539164.8288143,2558,2352,2556
1789539164.885109,2561,2353,2556
1789539164.937428,2560,2352,2557
1789539164.9874907,2560,2354,2556
1789539165.022517,2560,2353,2555
1789539165.0874066,2560,2352,2556
1789539165.133791,2559,2352,2556
1789539165.187563,2559,2353,2556
1789539165.2307498,2561,2353,2556
1789539165.2881384,2560,2351,2556
1789539165.3350089,2560,2352,2555
1789539165.3878791,2560,2353,2555
1789539165.4378657,2560,2354,2556
1789539165.4871767,2561,2353,2555
1789539165.5300567,2560,2352,2555
1789539165.5883307,2560,2353,2555
1789539165.6381595,2560,2352,2556
1789539165.6884813,2560,2352,2556
1789539165.7244859,2561,2353,2556
1789539165.788415,2562,2353,2555
1789539165.8346643,2559,2352,2556
1789539165.888748,2560,2352,2557
1789539165.9384055,2561,2353,2559
1789539165.9806566,3145,2352,2554
1789539166.0377333,4089,2353,2556
1789539166.0846152,4088,2353,2557
1789539166.1339438,4088,2353,2556
1789539166.187751,4089,2352,2556
1789539166.2305088,4088,2353,2556
1789539166.2880712,4088,2353,2556
1789539166.3277297,4085,2353,2556
1789539166.388751,4089,2352,2555
1789539166.4323049,4088,2352,2556
1789539166.475147,4088,2352,2557
1789539166.5388668,4089,2352,2556
1789539166.5847206,4088,2353,2555
1789539166.627047,4089,2353,2555
1789539166.6886578,4088,2353,2556
1789539166.730355,4088,2352,2556
1789539166.787902,4088,2353,2556
1789539166.8275917,4088,2352,2555
1789539166.8898318,4089,2352,2556
1789539166.9317126,4089,2353,2556
1789539166.9891562,4089,2353,2555
1789539167.0288877,4090,2352,2556
1789539167.0847383,4089,2352,2559
1789539167.1330547,4088,2353,2556
1789539167.1746974,4065,2352,2556
1789539167.230548,3737,2352,2556
1789539167.2879846,3365,2353,2556
1789539167.3274658,3011,2352,2556
1789539167.383035,2681,2353,2556
1789539167.4393172,2546,2352,2556
1789539167.4817665,2558,2353,2557
1789539167.5377336,2560,2352,2556
1789539167.5774646,2559,2353,2556
1789539167.6329381,2559,2353,2553
1789539167.6904013,2560,2352,2555
1789539167.7369742,2562,2352,2555
1789539167.7787602,2560,2353,2556
1789539167.834284,2559,2353,2557
1789539167.8833506,2561,2355,2556
1789539167.9315531,2560,2352,2555
1789539167.980138,2558,2353,2555
1789539168.0356216,2559,2353,2556
1789539168.0842898,2560,2352,2558
1789539168.132866,2563,2352,2555
1789539168.1903589,2559,2352,2555
1789539168.2300208,2561,2352,2554
1789539168.286235,2560,2352,2555
1789539168.3272746,2560,2352,2556
1789539168.382824,2560,2352,2556
1789539168.4404309,2560,2352,2558
1789539168.4865088,2560,2352,2556
1789539168.5355477,2563,2353,2556
1789539168.577229,2560,2352,2555
1789539168.6328192,2559,2352,2555
1789539168.690495,2560,2353,2556
1789539168.7372143,2559,2349,2555
1789539168.7807083,2558,2352,2556
1789539168.834084,2560,2352,2556
1789539168.8917935,2560,2353,2557
1789539168.9382963,2560,2352,2555
1789539168.9799628,2560,2353,2556
1789539169.0424342,2560,2352,2556
1789539169.0895443,2560,2352,2556
1789539169.141741,2560,2353,2556
1789539169.1882267,2559,2353,2555
1789539169.2298906,2559,2353,2556
1789539169.29061,2560,2352,2556
1789539169.3362024,2559,2355,2556
1789539169.3895667,2561,2353,2557
1789539169.4316628,2561,2352,2557
1789539169.492289,2559,2352,2555
1789539169.5350847,2560,2349,2557
1789539169.5928853,2560,2353,2556
1789539169.6325688,2560,2351,2556
1789539169.691889,2560,2352,2558
1789539169.7367458,2559,2352,2556
1789539169.7783616,3955,2352,2555
1789539169.834754,4088,2354,2555
1789539169.8926902,4089,2355,2556
1789539169.9342272,4088,2352,2556
1789539169.9867103,4088,2352,2557
1789539170.029249,4089,2352,2555
1789539170.0940287,4088,2353,2556
1789539170.1410599,4088,2355,2556
1789539170.1819916,4088,2353,2556
1789539170.2365987,4090,2353,2555
1789539170.2936752,4088,2352,2555
1789539170.344069,4088,2352,2555
1789539170.38248,4088,2352,2555
1789539170.438325,4088,2353,2556
1789539170.494515,4089,2352,2556
1789539170.5421677,4088,2352,2556
1789539170.584718,4088,2353,2556
1789539170.6444323,4088,2353,2555
1789539170.688802,4089,2353,2556
1789539170.7298577,4088,2353,2556
1789539170.7946494,4088,2353,2556
1789539170.8415968,4088,2352,2556
1789539170.883266,4088,2352,2556
1789539170.9449637,4085,2353,2555
1789539170.9943547,4088,2353,2556
1789539171.035989,4088,2353,2556
1789539171.0937548,4088,2352,2556
1789539171.1401558,3856,2352,2557
1789539171.1818147,3515,2354,2556
1789539171.2445493,3011,2353,2555
1789539171.292885,2571,2351,2556
1789539171.3437014,2560,2348,2557
1789539171.395327,2559,2352,2556
1789539171.443893,2571,2353,2555
1789539171.4953516,2562,2353,2556
1789539171.5453963,2560,2351,2555
1789539171.5946794,2558,2351,2555
1789539171.645518,2571,2351,2556
1789539171.6941636,2572,2352,2556
1789539171.746031,2572,2350,2557
1789539171.793821,2572,2352,2555
1789539171.8422801,2562,2352,2556
1789539171.8826954,2560,2354,2555
1789539171.9454856,2560,2352,2556
1789539171.987208,2560,2354,2557
1789539172.044238,2571,2352,2556
1789539172.096285,2560,2354,2556
1789539172.133021,2561,2352,2555
1789539172.1964214,2571,2353,2556
1789539172.2440898,2571,2354,2555
1789539172.2857437,2572,2353,2556
1789539172.3434973,2572,2352,2553
1789539172.396653,2560,2352,2555
1789539172.4337592,2559,2352,2555
1789539172.4967775,2571,2352,2555
1789539172.5356226,2611,2353,2556
1789539172.59749,2633,2352,2554
1789539172.6469631,2658,2352,2556
1789539172.695384,2693,2353,2556
1789539172.7368474,2792,2352,2556
1789539172.794093,2901,2352,2555
1789539172.8468592,3193,2353,2555
1789539172.8897834,3290,2352,2557
1789539172.946841,3341,2352,2555
1789539172.9974217,3414,2347,2556
1789539173.0425642,3451,2353,2557
1789539173.0833752,3551,2354,2556
1789539173.1405158,3649,2352,2557
1789539173.1974988,3697,2352,2555
1789539173.2433665,3782,2353,2556
1789539173.2951858,3869,2352,2556
1789539173.3458102,3906,2350,2556
1789539173.3979313,3942,2353,2555
1789539173.445265,3991,2351,2556
1789539173.4950602,4065,2352,2557
1789539173.541738,4088,2353,2555
1789539173.5833356,4089,2353,2556
1789539173.6482327,4089,2352,2556
1789539173.6951976,4089,2352,2555
1789539173.7360103,4088,2353,2556
1789539173.7986429,4088,2352,2556
1789539173.8479757,4088,2352,2555
1789539173.8985631,4090,2352,2557
1789539173.9451444,4089,2353,2556
1789539173.9860997,4089,2352,2556
1789539174.0485182,4089,2354,2556
1789539174.0909467,4088,2351,2556
1789539174.148701,4090,2352,2557
1789539174.1950982,4088,2353,2556
1789539174.2359912,4088,2352,2556
1789539174.2984781,4088,2352,2556
1789539174.3409154,4088,2353,2558
1789539174.398652,4088,2353,2556
1789539174.445054,4089,2353,2556
1789539174.4858155,4089,2352,2557
1789539174.54225,4088,2353,2554
1789539174.58395,4088,2352,2555
1789539174.6493742,4089,2353,2556
1789539174.6870923,4088,2352,2556
1789539174.7496688,4084,2351,2556
1789539174.791253,4089,2353,2556
1789539174.8465204,4089,2352,2556
1789539174.888452,4088,2353,2555
1789539174.9459858,4088,2353,2556
1789539174.985727,4088,2353,2556
1789539175.048232,4088,2352,2555
1789539175.089844,4089,2353,2557
1789539175.1475554,4090,2353,2556
1789539175.187155,4089,2352,2556
1789539175.2425547,4088,2351,2556
1789539175.3002677,4089,2351,2556
1789539175.346705,4088,2352,2556
1789539175.3953252,4088,2352,2556
1789539175.4369714,4088,2351,2556
1789539175.4925146,4088,2353,2555
1789539175.5500336,4088,2352,2560
1789539175.5966473,4088,2353,2556
1789539175.6383476,4089,2352,2556
1789539175.7006292,4084,2352,2555
1789539175.749406,4088,2353,2556
1789539175.791072,4088,2352,2555
1789539175.8503366,4088,2353,2555
1789539175.888288,4088,2353,2555
1789539175.9507394,4088,2352,2555
1789539175.9923732,4088,2352,2556
1789539176.0498648,4088,2348,2556
1789539176.089918,4088,2353,2556
1789539176.1511235,3906,2351,2556
1789539176.200913,3672,2351,2556
1789539176.2504675,3341,2353,2556
1789539176.3012674,3108,2351,2556
1789539176.3394089,2974,2352,2557
1789539176.3951662,2974,2353,2559
1789539176.4517198,2936,2353,2556
1789539176.4923284,2827,2352,2556
1789539176.550559,2609,2353,2556
1789539176.601446,2560,2354,2556
1789539176.6381269,2559,2352,2556
1789539176.7025495,2559,2353,2556
1789539176.7492137,2560,2352,2555
1789539176.790833,2560,2352,2556
1789539176.8468046,2560,2352,2555
1789539176.888043,2560,2352,2556
1789539176.9440506,2560,2353,2556
1789539176.992295,2560,2352,2556
1789539177.0499737,2560,2352,2559
1789539177.0964327,2560,2353,2556
1789539177.1412256,2560,2353,2556
1789539177.2024903,2559,2350,2556
1789539177.249129,2560,2352,2556
1789539177.299919,2559,2352,2556
1789539177.3462996,2561,2353,2556
1789539177.3879616,2560,2352,2556
1789539177.4435234,2560,2353,2553
1789539177.4985971,2559,2352,2556
1789539177.5414548,2561,2353,2556
1789539177.603055,2583,2354,2555
1789539177.6517978,2584,2352,2555
1789539177.693458,2596,2352,2556
1789539177.7524288,2658,2348,2557
1789539177.7977524,2716,2352,2552
1789539177.8393047,2803,2351,2556
1789539177.9018433,2852,2351,2556
1789539177.9438117,2986,2353,2556
1789539178.0011723,3108,2352,2555
1789539178.047558,3256,2351,2556
1789539178.0898712,3392,2354,2556
1789539178.1539264,3513,2352,2555
1789539178.2011752,3672,2353,2556
1789539178.2429278,3845,2352,2556
1789539178.3046873,4027,2354,2556
1789539178.3534288,4084,2353,2556
1789539178.4044247,4088,2353,2556
1789539178.4533625,4089,2353,2556
1789539178.504384,4088,2352,2556
1789539178.554483,4089,2352,2556
1789539178.5963364,4089,2352,2556
1789539178.6545835,4088,2353,2556
1789539178.7045546,4088,2352,2556
1789539178.7501936,4085,2352,2556
1789539178.804469,4088,2353,2556
1789539178.8538787,4090,2352,2556
1789539178.8955605,4088,2352,2555
1789539178.9532142,4088,2353,2555
1789539179.0049512,4088,2351,2556
1789539179.0550668,4088,2348,2557
1789539179.1030538,4089,2353,2556
1789539179.154687,4089,2351,2556
1789539179.2051275,4089,2353,2555
1789539179.2417543,4089,2353,2555
1789539179.297354,4088,2352,2556
1789539179.354823,4089,2353,2556
1789539179.403827,4088,2353,2555
1789539179.451989,4085,2352,2556
1789539179.501547,4088,2351,2556
1789539179.5558398,4089,2352,2557
1789539179.6051848,4088,2353,2557
1789539179.6516352,4088,2352,2556
1789539179.693111,4089,2352,2555
1789539179.7552896,4089,2352,2555
1789539179.79027,4089,2352,2556
1789539179.845796,4088,2352,2556
1789539179.903435,4089,2353,2554
1789539179.9430523,4084,2352,2556
1789539180.0050843,4089,2353,2556
1789539180.0562851,4088,2353,2556
1789539180.09575,4088,2349,2556
1789539180.1563725,4088,2352,2556
1789539180.2051346,4088,2353,2556
1789539180.241554,4089,2352,2555
1789539180.3010445,4084,2353,2556
1789539180.354554,4027,2351,2557
1789539180.4067547,3599,2354,2556
1789539180.4563735,3219,2356,2555
1789539180.5055122,2974,2353,2556
1789539180.5471468,2924,2353,2555
1789539180.6048858,2923,2352,2554
1789539180.6511538,2924,2352,2557
1789539180.6998227,2841,2352,2556
1789539180.757247,2561,2355,2556
1789539180.7970636,2560,2353,2556
1789539180.8543618,2561,2352,2556
1789539180.8942773,2560,2352,2556
1789539180.9576435,2560,2352,2555
1789539181.0053184,2571,2351,2556
1789539181.0469387,2571,2350,2555
1789539181.104888,2570,2352,2556
1789539181.1511788,2572,2353,2556
1789539181.1994185,2558,2352,2556
1789539181.256979,2571,2352,2555
1789539181.29777,2559,2355,2556
1789539181.3546593,2571,2351,2557
1789539181.3941739,2571,2355,2556
1789539181.4566324,2571,2352,2556
1789539181.4982913,2571,2352,2556
1789539181.556044,2571,2353,2555
1789539181.595453,2571,2353,2556
1789539181.6510894,2571,2351,2556
1789539181.6927652,2572,2355,2555
1789539181.755223,2571,2354,2556
1789539181.805539,2571,2352,2556
1789539181.8454459,2571,2353,2558
1789539181.900997,2571,2352,2556
1789539181.9586194,2572,2353,2556
1789539181.9981453,2571,2352,2552
1789539182.057516,2572,2352,2556
1789539182.0954463,2571,2352,2556
1789539182.1579278,2572,2353,2555
1789539182.2088695,2572,2353,2555
1789539182.258884,2571,2356,2555
1789539182.3037024,2571,2352,2555
1789539182.3453257,2571,2353,2556
1789539182.400875,2572,2353,2556
1789539182.4586298,2559,2352,2555
1789539182.498538,2571,2351,2555
1789539182.5556982,2560,2351,2556
1789539182.595259,2572,2354,2555
1789539182.6508527,2571,2353,2555
1789539182.7095194,2571,2354,2558
1789539182.7559288,2571,2352,2556
1789539182.7975218,2571,2354,2556
1789539182.8598785,2571,2351,2556
1789539182.901765,2572,2352,2556
1789539182.9594269,2560,2352,2556
1789539183.0101104,2571,2353,2556
1789539183.0475245,2583,2353,2555
1789539183.1099684,2585,2352,2555
1789539183.1602263,2583,2351,2556
1789539183.2072227,2584,2353,2556
1789539183.2482853,2583,2355,2556
1789539183.3104558,2583,2354,2555
1789539183.3530426,2586,2352,2557
1789539183.410621,2596,2353,2556
1789539183.4606817,2657,2352,2556
1789539183.5050683,2778,2353,2556
1789539183.5471506,2901,2352,2557
1789539183.6099102,3170,2352,2555
1789539183.6597073,3390,2352,2555
1789539183.6993246,3512,2351,2556
1789539183.7604403,3636,2353,2555
1789539183.7969518,3722,2352,2555
1789539183.8594244,3868,2353,2556
1789539183.9005752,4004,2354,2556
1789539183.9586282,4089,2352,2556
1789539184.0111423,4088,2353,2555
1789539184.0537722,4088,2353,2555
1789539184.1113653,4084,2351,2556
1789539184.160911,4089,2352,2556
1789539184.1991343,4088,2352,2556
1789539184.261622,4088,2353,2558
1789539184.3037438,4088,2352,2555
1789539184.3613636,4089,2351,2556
1789539184.4079165,4089,2353,2555
1789539184.4495451,4088,2351,2556
1789539184.511925,4088,2352,2556
1789539184.561646,4088,2353,2551
1789539184.6023142,4089,2352,2556
1789539184.661949,4089,2352,2556
1789539184.706576,4088,2353,2555
1789539184.747652,4089,2351,2556
1789539184.811332,4090,2353,2556
1789539184.8608296,4088,2352,2560
1789539184.91222,4088,2352,2555
1789539184.9564447,4088,2352,2556
1789539184.997561,4088,2354,2556
1789539185.0536509,4088,2354,2555
1789539185.1111586,4088,2352,2556
1789539185.1626377,4088,2354,2558
1789539185.2062156,4088,2353,2556
1789539185.2472656,4090,2352,2556
1789539185.304057,4088,2353,2556
1789539185.3604498,4089,2352,2555
1789539185.4007783,4089,2352,2555
1789539185.4631946,4089,2352,2557
1789539185.5044692,4089,2352,2556
1789539185.5618455,4088,2353,2556
1789539185.6016626,4089,2353,2556
1789539185.65718,4089,2352,2556
1789539185.713688,4089,2347,2555
1789539185.754374,3918,2352,2555
1789539185.8119621,3685,2353,2555
1789539185.8515537,3476,2352,2556
1789539185.9137313,3230,2352,2555
1789539185.955773,3059,2353,2556
1789539186.0048106,2920,2353,2556
1789539186.0619662,2791,2352,2556
1789539186.1111922,2669,2352,2556
1789539186.163894,2571,2352,2556
1789539186.2131498,2573,2352,2556
1789539186.254295,2572,2353,2556
1789539186.3116145,2572,2353,2556
1789539186.3514526,2571,2352,2556
1789539186.4135897,2572,2353,2556
1789539186.4561925,2572,2353,2557
1789539186.5119975,2571,2351,2557
1789539186.5548832,2571,2351,2555
1789539186.6109376,2571,2352,2556
1789539186.6569855,2572,2352,2556
1789539186.6991723,2572,2352,2556
1789539186.7616243,2571,2352,2556
1789539186.802849,2572,2352,2555
1789539186.864858,2571,2355,2556
1789539186.9074812,2571,2351,2556
1789539186.9645078,2572,2353,2556
1789539187.004157,2571,2354,2556
1789539187.0651898,2571,2352,2556
1789539187.1084666,2571,2352,2556
1789539187.1508582,2571,2353,2556
1789539187.2153957,2571,2353,2555
1789539187.2549963,2568,2353,2556
1789539187.3127906,2571,2352,2558
1789539187.364824,2571,2348,2556
1789539187.4077961,2573,2352,2555
1789539187.465544,2574,2353,2556
1789539187.515937,2572,2351,2556
1789539187.565792,2571,2354,2556
1789539187.6091557,2572,2352,2556
1789539187.666017,2572,2352,2556
1789539187.7160292,2571,2353,2555
1789539187.754006,2571,2353,2556
1789539187.816132,2571,2353,2556
1789539187.8582187,2571,2353,2556
1789539187.9006958,2632,2352,2555
1789539187.966327,2865,2351,2557
1789539188.011791,3414,2352,2556
1789539188.065514,3955,2353,2555
1789539188.1159942,4089,2354,2556
1789539188.1653504,4090,2353,2557
1789539188.21318,4088,2352,2557
1789539188.2540903,4088,2353,2555
1789539188.3160403,4089,2352,2556
1789539188.3589997,4089,2352,2556
1789539188.416026,4085,2352,2556
1789539188.4631298,4089,2353,2558
1789539188.5045235,4089,2351,2557
1789539188.566316,4088,2352,2555
1789539188.6150596,4085,2352,2556
1789539188.6637785,4089,2353,2556
1789539188.705423,4089,2352,2555
1789539188.7678401,4085,2352,2556
1789539188.8164554,4088,2352,2555
1789539188.8581688,4089,2353,2555
1789539188.9159346,4088,2352,2556
1789539188.9676309,4089,2353,2556
1789539189.0110474,4089,2352,2555
1789539189.052857,4088,2352,2555
1789539189.1178076,4089,2352,2555
1789539189.167854,4088,2352,2557
1789539189.2053335,4089,2347,2555
1789539189.2673793,4089,2353,2556
1789539189.3102076,4088,2350,2556
1789539189.367246,4088,2354,2556
1789539189.4181888,4089,2353,2558
1789539189.4684706,4088,2351,2556
1789539189.517717,4089,2352,2556
1789539189.5682867,4089,2352,2556
1789539189.6178856,4088,2355,2556
1789539189.6572983,4088,2355,2557
1789539189.7050958,4089,2354,2556
1789539189.761442,4088,2355,2556
1789539189.81824,4089,2354,2555
1789539189.8586946,4088,2353,2556
1789539189.9188008,4088,2352,2552
1789539189.9686546,4088,2353,2556
1789539190.0158157,4088,2353,2556
1789539190.0689917,3859,2353,2556
1789539190.1155198,3084,2352,2556
1789539190.1572633,2560,2352,2556
1789539190.2189145,2549,2352,2555
1789539190.2675848,2547,2352,2556
1789539190.309944,2559,2352,2556
1789539190.3677552,2561,2352,2556
1789539190.4194,2561,2353,2555
1789539190.4621205,2563,2353,2557
1789539190.519492,2559,2352,2556
1789539190.5599022,2560,2351,2557
1789539190.6161056,2571,2351,2556
1789539190.6562712,2560,2355,2556
1789539190.7125528,2559,2352,2559
1789539190.7612529,2572,2352,2557
1789539190.819955,2570,2352,2556
1789539190.8654432,2572,2352,2556
1789539190.90686,2572,2352,2556
1789539190.969366,2560,2353,2557
1789539191.0174162,2560,2353,2556
1789539191.060288,2559,2352,2556
1789539191.117095,2560,2356,2556
1789539191.16325,2572,2352,2556
1789539191.2149138,2571,2353,2555
1789539191.2671502,2560,2352,2556
1789539191.310139,2560,2352,2557
1789539191.367344,2560,2352,2556
1789539191.420078,2560,2352,2556
1789539191.4707596,2559,2351,2555
1789539191.5180962,2560,2355,2556
1789539191.568692,2560,2353,2556
1789539191.6208537,2560,2352,2555
1789539191.669162,2560,2354,2556
1789539191.7054641,2560,2352,2556
1789539191.7710824,2572,2352,2556
1789539191.8206165,2561,2353,2556
1789539191.8652189,2559,2353,2556
1789539191.906898,2560,2353,2555
1789539191.9713562,2571,2350,2556
1789539192.0215404,2559,2354,2556
1789539192.0716004,2574,2351,2556
1789539192.1213148,2560,2355,2556
1789539192.1717799,2571,2352,2556
1789539192.2123978,2560,2352,2556
1789539192.2719626,2560,2351,2556
1789539192.3218017,2559,2353,2555
1789539192.372016,2571,2351,2554
1789539192.4136553,2572,2353,2556
1789539192.4720988,2571,2352,2555
1789539192.5101154,2560,2351,2556
1789539192.5721226,2559,2352,2556
1789539192.6149778,2571,2353,2555
1789539192.672146,2560,2352,2556
1789539192.7223597,2561,2353,2558
1789539192.772413,2560,2351,2556
1789539192.8092713,2560,2351,2557
1789539192.872325,2571,2352,2552
1789539192.9136493,2560,2352,2555
1789539192.9724076,2560,2352,2555
1789539193.0178137,2571,2352,2556
1789539193.0724988,2560,2353,2559
1789539193.108043,2560,2353,2556
1789539193.172687,2571,2352,2555
1789539193.219153,2572,2352,2556
1789539193.2727368,2572,2356,2555
1789539193.3163502,2560,2353,2555
1789539193.3735194,2560,2353,2555
1789539193.4204748,2571,2353,2556
1789539193.473241,2559,2352,2556
1789539193.5238988,2571,2352,2555
1789539193.5735543,2571,2352,2556
1789539193.6079507,2560,2352,2557
1789539193.673711,2559,2353,2556
1789539193.7181516,2560,2353,2556
1789539193.7737522,2561,2352,2556
1789539193.823206,2560,2353,2555
1789539193.8708818,2572,2352,2556
1789539193.912257,2560,2354,2556
1789539193.9680233,2571,2353,2556
1789539194.009665,2557,2352,2559
1789539194.065226,2559,2353,2556
1789539194.123454,2569,2352,2392
1789539194.1733947,2560,2355,2327
1789539194.2180076,2560,2352,2374
1789539194.2594614,2560,2355,2409
1789539194.315161,2561,2353,2435
1789539194.373334,2560,2353,2447
1789539194.4194324,2561,2352,2446
1789539194.4679677,2558,2352,2442
1789539194.523749,2560,2353,2438
1789539194.5651002,2572,2352,2433
1789539194.6229215,2572,2352,2430
1789539194.662545,2559,2352,2429
1789539194.7250144,2559,2352,2428
1789539194.774402,2559,2353,2428
1789539194.8153396,2571,2352,2429
1789539194.8755128,2559,2351,2428
1789539194.9244442,2559,2351,2429
1789539194.9754956,2559,2352,2428
1789539195.0252461,2560,2352,2428
1789539195.0755122,2571,2353,2428
1789539195.124779,2571,2353,2429
1789539195.1757436,2559,2352,2427
1789539195.225458,2560,2351,2427
1789539195.267004,2572,2354,2427
1789539195.3251252,2560,2353,2428
1789539195.375743,2559,2352,2427
1789539195.4201074,2560,2352,2428
1789539195.4617147,2560,2352,2428
1789539195.5258985,2572,2352,2428
1789539195.5728638,2559,2353,2428
1789539195.6234584,2571,2349,2427
1789539195.6757064,2571,2348,2428
1789539195.7177696,2560,2353,2428
1789539195.77622,2574,2351,2428
1789539195.8262727,2571,2353,2466
1789539195.8763955,2560,2353,2503
1789539195.9256732,2572,2353,2525
1789539195.976648,2571,2352,2543
1789539196.0267992,2572,2352,2561
1789539196.076622,2571,2353,2561
1789539196.114418,2571,2353,2562
1789539196.176783,2569,2352,2561
1789539196.2252657,2572,2352,2561
1789539196.2767856,2571,2352,2561
1789539196.3240712,2571,2352,2561
1789539196.3769715,2572,2353,2562
1789539196.4121344,2571,2355,2564
1789539196.4772813,2572,2353,2562
1789539196.5262094,2571,2352,2562
1789539196.5772555,2561,2349,2562
1789539196.621273,2571,2352,2560
1789539196.677401,2563,2353,2561
1789539196.7273595,2571,2352,2561
1789539196.7775214,2560,2352,2560
1789539196.827531,2560,2353,2557
1789539196.8777432,2571,2352,2561
1789539196.912892,2559,2351,2561
1789539196.9777148,2575,2353,2561
1789539197.017012,2571,2350,2561
1789539197.0778618,2560,2353,2564
1789539197.1211672,2560,2353,2561
1789539197.1779456,2571,2353,2560
1789539197.22454,2571,2348,2561
1789539197.278073,2571,2351,2560
1789539197.3283308,2560,2352,2561
1789539197.3783643,2560,2354,2561
1789539197.4197292,2571,2353,2559
1789539197.4783225,2572,2353,2561
1789539197.5284445,2562,2353,2560
1789539197.572452,2566,2352,2560
1789539197.614137,2572,2353,2559
1789539197.6786857,2560,2352,2560
1789539197.717496,2572,2353,2559
1789539197.7786663,2572,2351,2493
1789539197.8280625,2572,2354,2301
1789539197.8788507,2559,2353,2345
1789539197.928706,2571,2353,2383
1789539197.9789364,2571,2352,2406
1789539198.028686,2560,2354,2420
1789539198.0722096,2572,2352,2425
1789539198.129114,2571,2354,2422
1789539198.179329,2572,2352,2420
1789539198.2173123,2571,2352,2417
1789539198.279375,2571,2352,2416
1789539198.3144605,2562,2352,2415
1789539198.3795805,2561,2353,2414
1789539198.4273987,2560,2355,2416
1789539198.4671617,2572,2353,2415
1789539198.5226665,2571,2352,2416
1789539198.5643382,2560,2351,2416
1789539198.619893,2559,2352,2416
1789539198.6777375,2560,2353,2417
1789539198.7243662,2571,2352,2416
1789539198.7749634,2560,2352,2416
1789539198.8212812,2571,2352,2418
1789539198.8791058,2560,2353,2416
1789539198.9253776,2558,2353,2416
1789539198.9670916,2560,2353,2457
1789539199.0226038,2560,2352,2524
1789539199.0800228,2574,2352,2557
1789539199.1198566,2571,2352,2560
1789539199.1794317,2559,2353,2562
1789539199.2297695,2572,2353,2562
1789539199.279519,2560,2352,2562
1789539199.321205,2555,2352,2561
1789539199.3792698,2561,2353,2563
1789539199.43027,2559,2353,2561
1789539199.4739037,2571,2353,2562
1789539199.5155454,2560,2352,2564
1789539199.5711372,2572,2353,2561
1789539199.6285439,2572,2352,2561
1789539199.6682935,2571,2354,2561
1789539199.731118,2572,2353,2561
1789539199.7724926,2559,2352,2564
1789539199.8313544,2559,2352,2560
1789539199.8696666,2571,2354,2563
1789539199.9311533,2560,2352,2561
1789539199.974037,2562,2352,2559
1789539200.031348,2561,2353,2561
1789539200.0779676,2560,2352,2561
1789539200.1196406,2559,2352,2561
1789539200.175116,2571,2352,2560
1789539200.2242744,2572,2352,2561
1789539200.2790515,2572,2352,2560
1789539200.3209982,2571,2352,2560
1789539200.376604,2572,2352,2559
1789539200.418132,2571,2353,2560
1789539200.4742117,2571,2353,2560
1789539200.5310922,2572,2353,2560
1789539200.5709076,2560,2352,2557
1789539200.632441,2571,2352,2562
1789539200.6750991,2571,2352,2558
1789539200.7237983,2572,2356,2560
1789539200.7792523,2559,2352,2557
1789539200.8284585,2571,2353,2561
1789539200.8701334,2561,2354,2561
1789539200.932941,2560,2352,2560
1789539200.9805412,2571,2352,2561
1789539201.0221832,2567,2351,2560
1789539201.0778406,2571,2352,2560
1789539201.1194,2571,2352,2561
1789539201.174971,2571,2353,2561
1789539201.2327197,2574,2352,2561
1789539201.272476,2560,2353,2560
1789539201.3276947,2560,2352,2365
1789539201.3763256,2561,2352,2234
1789539201.4179327,2559,2355,2268
1789539201.474272,2571,2352,2298
1789539201.532235,2571,2352,2321
1789539201.5834744,2558,2353,2334
1789539201.6266007,2560,2353,2338
1789539201.6728761,2560,2352,2337
1789539201.7316554,2571,2356,2334
1789539201.7806866,2560,2352,2333
1789539201.8284914,2560,2353,2330
1789539201.8741307,2571,2353,2333
1789539201.9318507,2570,2353,2334
1789539201.9743798,2561,2353,2333
1789539202.0321238,2571,2353,2333
1789539202.084169,2559,2352,2334
1789539202.1264594,2560,2352,2333
1789539202.183382,2559,2352,2336
1789539202.2338147,2560,2355,2333
1789539202.2774804,2560,2353,2333
1789539202.3284767,2571,2351,2367
1789539202.3849733,2559,2352,2439
1789539202.432603,2560,2353,2493
1789539202.4789288,2560,2354,2560
1789539202.5319824,2571,2354,2562
1789539202.5840826,2571,2351,2561
1789539202.6269875,2560,2352,2562
1789539202.6848524,2571,2351,2562
1789539202.7345188,2560,2353,2562
1789539202.771906,2571,2351,2562
1789539202.8274848,2573,2352,2562
1789539202.8855705,2571,2350,2561
1789539202.9352956,2571,2352,2562
1789539202.9732409,2559,2354,2561
1789539203.0356743,2561,2353,2560
1789539203.0849345,2572,2353,2560
1789539203.1348224,2572,2353,2560
1789539203.1819456,2571,2353,2561
1789539203.2229514,2566,2353,2562
1789539203.2792475,2571,2351,2561
1789539203.3213363,2559,2352,2561
1789539203.3851318,2570,2353,2561
1789539203.4317758,2560,2353,2560
1789539203.4803069,2571,2352,2556
1789539203.5226824,2560,2352,2562
1789539203.5855324,2572,2352,2559
1789539203.6336505,2558,2352,2560
1789539203.67537,2560,2353,2563
1789539203.7317033,2560,2352,2561
1789539203.7816892,2571,2352,2560
1789539203.8351307,2571,2352,2561
1789539203.8759797,2559,2352,2552
1789539203.9330723,2560,2353,2267
1789539203.973966,2571,2352,2220
1789539204.0364153,2560,2351,2243
1789539204.0801907,2560,2352,2260
1789539204.1358278,2572,2353,2269
1789539204.1868653,2571,2353,2275
1789539204.2302377,2560,2352,2277
1789539204.2858832,2572,2353,2275
1789539204.3370085,2560,2354,2274
1789539204.387086,2571,2353,2275
1789539204.4370763,2572,2352,2275
1789539204.4801135,2571,2353,2272
1789539204.5370803,2572,2354,2275
1789539204.577991,2572,2352,2275
1789539204.6357765,2560,2352,2274
1789539204.687392,2560,2355,2274
1789539204.723104,2572,2348,2275
1789539204.7862859,2571,2352,2275
1789539204.8349345,2573,2353,2274
1789539204.8765016,2571,2353,2275
1789539204.9377983,2560,2353,2401
1789539204.9799867,2560,2352,2562
1789539205.0222988,2572,2352,2561
1789539205.0838995,2560,2351,2564
1789539205.1260672,2571,2353,2563
1789539205.18793,2572,2352,2560
1789539205.2371972,2571,2352,2565
1789539205.2884765,2572,2353,2561
1789539205.3383772,2560,2352,2562
1789539205.3883653,2572,2353,2561
1789539205.4240584,2571,2352,2561
1789539205.4809158,2571,2352,2562
1789539205.5376906,2571,2353,2561
1789539205.5886497,2560,2352,2561
1789539205.6330848,2572,2352,2562
1789539205.6750371,2560,2352,2561
1789539205.7388196,2560,2353,2560
1789539205.785907,2572,2353,2562
1789539205.8269734,2571,2356,2560
1789539205.888971,2559,2352,2561
1789539205.9339278,2571,2352,2560
1789539205.9891071,2560,2353,2561
1789539206.0360053,2559,2355,2561
1789539206.0769334,2572,2352,2561
1789539206.1387868,2567,2353,2559
1789539206.1813347,2559,2353,2561
1789539206.239473,2574,2352,2561
1789539206.2847512,2560,2353,2562
1789539206.3275502,2561,2352,2561
1789539206.388884,2571,2352,2561
1789539206.43212,2572,2353,2560
1789539206.4888399,2571,2352,2562
1789539206.5359561,2560,2352,2561
1789539206.5838482,2560,2352,2560
1789539206.625974,2560,2351,2561
1789539206.6881528,2571,2352,2560
1789539206.729663,2571,2351,2561
1789539206.7880907,2572,2353,2560
1789539206.8340454,2560,2353,2561
1789539206.8761752,2562,2352,2561
1789539206.9403596,2572,2352,2560
1789539206.9796066,2571,2353,2561
1789539207.0380366,2571,2353,2561
1789539207.0845106,2561,2352,2561
1789539207.1259115,2560,2352,2560
1789539207.1886275,2571,2352,2560
1789539207.2294252,2560,2353,2559
1789539207.2907777,2571,2352,2561
1789539207.340653,2560,2352,2561
1789539207.386768,2560,2353,2560
1789539207.4407399,2572,2351,2561
1789539207.4873261,2572,2352,2560
1789539207.528088,2570,2353,2560
1789539207.590585,2572,2352,2561
1789539207.639808,2560,2353,2560
1789539207.6815205,2561,2352,2561
1789539207.7295623,2571,2353,2562
1789539207.7915301,2558,2351,2561
1789539207.8405,2571,2352,2561
1789539207.8829632,2560,2353,2561
1789539207.9391925,2571,2351,2561
1789539207.9792154,2571,2352,2560
1789539208.04133,2572,2352,2561
1789539208.083545,2571,2354,2561
1789539208.1283834,2560,2352,2561
1789539208.1884608,2572,2352,2560
1789539208.2288,2561,2353,2561
1789539208.2848482,2572,2353,2561
1789539208.329483,2560,2353,2562
1789539208.38285,2572,2353,2560
1789539208.439155,2572,2352,2561
1789539208.480039,2559,2353,2561
1789539208.5417948,2560,2352,2560
1789539208.5910723,2571,2352,2561
1789539208.6425443,2559,2353,2561
1789539208.6918645,2560,2352,2560
1789539208.7420099,2572,2352,2561
1789539208.7921014,2572,2352,2561
1789539208.8335388,2561,2348,2561
1789539208.8912153,2571,2353,2561
1789539208.942288,2572,2353,2419
1789539208.985993,2560,2353,2298
1789539209.027622,2560,2352,2326
1789539209.0831916,2560,2352,2341
1789539209.1428328,2572,2353,2349
1789539209.1872876,2572,2354,2352
1789539209.229183,2555,2353,2350
1789539209.292743,2571,2351,2351
1789539209.340555,2572,2353,2349
1789539209.3820994,2558,2351,2348
1789539209.443091,2560,2353,2348
1789539209.4928014,2560,2352,2350
1789539209.5346937,2572,2352,2346
1789539209.5920792,2561,2352,2348
1789539209.6316524,2559,2352,2349
1789539209.693151,2570,2353,2349
1789539209.7364056,2560,2354,2349
1789539209.793915,2561,2354,2348
1789539209.8399332,2560,2352,2349
1789539209.8906293,2571,2351,2349
1789539209.94347,2560,2352,2350
1789539209.9926882,2558,2353,2349
1789539210.0344288,2559,2353,2349
1789539210.0924685,2561,2352,2351
1789539210.138883,2560,2353,2349
1789539210.1801503,2559,2355,2348
1789539210.235723,2561,2352,2349
1789539210.2932258,2560,2352,2367
1789539210.3404493,2560,2353,2438
1789539210.3884196,2560,2352,2510
1789539210.430073,2559,2353,2562
1789539210.4856453,2572,2352,2563
1789539210.5437481,2572,2355,2563
1789539210.590194,2572,2352,2565
1789539210.6320546,2572,2353,2564
1789539210.6942253,2572,2352,2564
1789539210.743333,2572,2356,2563
1789539210.7846658,2560,2353,2563
1789539210.8398561,2571,2353,2564
1789539210.8846245,2570,2354,2563
1789539210.9413784,2560,2351,2561
1789539210.9949732,2572,2353,2561
1789539211.0449965,2561,2352,2563
1789539211.0897229,2571,2352,2562
1789539211.1422272,2571,2352,2562
1789539211.186912,2571,2348,2562
1789539211.2450314,2574,2352,2562
1789539211.2915173,2572,2352,2562
1789539211.342709,2559,2352,2562
1789539211.3882854,2560,2352,2562
1789539211.4372861,2560,2352,2561
1789539211.4948926,2575,2352,2546
1789539211.5458822,2571,2353,2532
1789539211.5899494,2560,2356,2519
1789539211.631667,2572,2352,2511
1789539211.693747,2560,2352,2507
1789539211.7438374,2571,2353,2497
1789539211.7934437,2560,2354,2488
1789539211.8458695,2560,2352,2480
1789539211.8891006,2561,2353,2470
1789539211.9444058,2571,2352,2456
1789539211.9861941,2561,2353,2444
1789539212.0440488,2560,2352,2428
1789539212.0961177,2571,2352,2417
1789539212.1454616,2571,2353,2403
1789539212.196082,2571,2352,2388
1789539212.2470407,2572,2353,2373
1789539212.2909312,2559,2352,2353
1789539212.3467593,2563,2352,2341
1789539212.3952277,2561,2354,2329
1789539212.437524,2571,2352,2316
1789539212.486224,2571,2353,2307
1789539212.5468776,2571,2352,2289
1789539212.5902808,2575,2353,2267
1789539212.6473997,2560,2353,2253
1789539212.6969588,2561,2353,2239
1789539212.7463372,2572,2352,2230
1789539212.7914689,2560,2354,2202
1789539212.8333313,2571,2353,2183
1789539212.897907,2560,2352,2166
1789539212.9480398,2571,2352,2157
1789539212.9979827,2560,2353,2148
1789539213.0409162,2560,2353,2137
1789539213.0825677,2559,2352,2128
1789539213.1450868,2572,2353,2116
1789539213.186681,2562,2353,2098
1789539213.2483099,2560,2348,2094
1789539213.291507,2561,2353,2085
1789539213.348477,2559,2353,2089
1789539213.3985183,2571,2352,2093
1789539213.444352,2560,2351,2097
1789539213.485921,2566,2353,2098
1789539213.5485227,2571,2352,2101
1789539213.597099,2560,2351,2100
1789539213.6379626,2572,2354,2101
1789539213.698857,2561,2354,2101
1789539213.7420475,2560,2352,2101
1789539213.7844343,2559,2352,2110
1789539213.84681,2571,2353,2119
1789539213.8879633,2560,2353,2129
1789539213.9464693,2571,2352,2153
1789539213.9990635,2571,2353,2187
1789539214.0414124,2572,2352,2214
1789539214.0989883,2572,2352,2230
1789539214.147102,2558,2353,2251
1789539214.1942022,2560,2352,2286
1789539214.2358632,2562,2352,2304
1789539214.2996278,2571,2351,2330
1789539214.3469648,2571,2353,2363
1789539214.3972616,2560,2353,2395
1789539214.4498012,2566,2352,2418
1789539214.4927585,2561,2352,2439
1789539214.5490139,2560,2353,2487
1789539214.596125,2572,2353,2561
1789539214.6378622,2572,2353,2564
1789539214.7003744,2571,2353,2564
1789539214.7493582,2560,2352,2564
1789539214.8002553,2560,2351,2565
1789539214.8468335,2561,2352,2565
1789539214.888514,2571,2354,2564
1789539214.9500484,2559,2352,2567
1789539214.9987993,2572,2352,2563
1789539215.0412111,2571,2351,2565
1789539215.099031,2560,2353,2564
1789539215.144698,2559,2353,2566
1789539215.1870682,2560,2352,2563
1789539215.2486687,2559,2353,2563
1789539215.290468,2559,2353,2563
1789539215.3489552,2560,2352,2562
1789539215.395366,2572,2353,2564
1789539215.4370363,2560,2352,2563
1789539215.5011294,2563,2353,2563
1789539215.5481167,2572,2353,2564
1789539215.5890532,2572,2353,2563
1789539215.651306,2560,2353,2564
1789539215.6938262,2571,2353,2557
1789539215.7509549,2571,2352,2542
1789539215.8015404,2560,2353,2526
1789539215.8466003,2571,2353,2515
1789539215.8877091,2563,2353,2501
1789539215.9438746,2559,2353,2474
1789539215.9944687,2559,2352,2448
1789539216.047276,2572,2352,2428
1789539216.0896819,2559,2352,2416
1789539216.1513042,2559,2353,2407
1789539216.1999774,2559,2353,2382
1789539216.2423673,2559,2352,2356
1789539216.3001196,2574,2353,2332
1789539216.3522003,2560,2355,2308
1789539216.4020767,2561,2351,2279
1789539216.443543,2558,2352,2273
1789539216.5015123,2560,2352,2259
1789539216.5524888,2571,2352,2251
1789539216.5964298,2559,2352,2253
1789539216.652658,2561,2353,2253
1789539216.7004273,2571,2353,2256
1789539216.7492623,2560,2352,2256
1789539216.7908876,2560,2353,2264
1789539216.8521256,2560,2353,2277
1789539216.894462,2571,2352,2287
1789539216.9519436,2560,2351,2285
1789539216.99843,2561,2353,2287
1789539217.0407827,2571,2353,2294
1789539217.1025226,2572,2352,2310
1789539217.1510885,2560,2353,2326
1789539217.1935935,2560,2352,2363
1789539217.2486804,2559,2353,2394
1789539217.29081,2573,2352,2449
1789539217.352445,2560,2353,2513
1789539217.3941705,2560,2352,2557
1789539217.4519434,2571,2352,2564
1789539217.4984937,2571,2354,2565
1789539217.5401802,2571,2352,2564
1789539217.6036425,2571,2353,2563
1789539217.651871,2572,2351,2564
1789539217.6928217,2572,2354,2566
1789539217.7539308,2571,2352,2563
1789539217.8038855,2572,2352,2562
1789539217.8516843,2572,2353,2564
1789539217.90396,2559,2353,2562
1789539217.9542825,2559,2353,2560
1789539217.9983628,2572,2353,2561
1789539218.0494804,2571,2351,2562
1789539218.1041846,2571,2352,2562
1789539218.1544986,2560,2352,2561
1789539218.1995838,2572,2347,2563
1789539218.2501576,2571,2353,2562
1789539218.3046722,2572,2353,2561
1789539218.3545945,2559,2353,2562
1789539218.4032133,2571,2352,2561
1789539218.4549124,2559,2352,2562
1789539218.4989207,2571,2353,2561
1789539218.5506778,2571,2352,2545
1789539218.6051025,2571,2352,2520
1789539218.6509483,2559,2353,2501
1789539218.6932735,2560,2352,2485
1789539218.7550988,2571,2349,2477
1789539218.800204,2560,2352,2471
1789539218.8561082,2560,2352,2470
1789539218.900804,2572,2353,2438
1789539218.9554148,2571,2353,2409
1789539219.0054908,2559,2353,2387
1789539219.0555658,2572,2355,2372
1789539219.1051292,2570,2353,2337
1789539219.1556993,2559,2353,2298
1789539219.19947,2561,2353,2255
1789539219.2558622,2571,2353,2226
1789539219.30597,2560,2354,2196
1789539219.3560083,2560,2354,2168
1789539219.4007907,2560,2352,2157
1789539219.4562037,2563,2353,2153
1789539219.5060635,2572,2352,2154
1789539219.556349,2572,2353,2162
1789539219.5952642,2559,2353,2165
1789539219.656493,2571,2352,2180
1789539219.7000074,2559,2352,2195
1789539219.7566493,2571,2352,2199
1789539219.8065908,2559,2352,2203
1789539219.8568628,2561,2352,2201
1789539219.8934927,2572,2352,2203
1789539219.9492607,2559,2353,2234
1789539219.9916205,2572,2353,2272
1789539220.0541625,2571,2353,2315
1789539220.1039848,2561,2353,2344
1789539220.1574364,2571,2352,2386
1789539220.2061725,2560,2352,2442
1789539220.2555792,2572,2353,2499
1789539220.296286,2556,2353,2559
1789539220.3569014,2560,2353,2565
1789539220.4008133,2571,2354,2565
1789539220.4499454,2571,2352,2566
1789539220.507494,2571,2353,2566
1789539220.5540347,2571,2353,2566
1789539220.5954866,2570,2354,2565
1789539220.6573951,2572,2356,2566
1789539220.7068279,2571,2353,2564
1789539220.7546082,2572,2354,2564
1789539220.797081,2572,2352,2559
1789539220.8571067,2559,2352,2564
1789539220.9079769,2571,2353,2563
1789539220.9488692,2571,2352,2562
1789539221.0075295,2560,2352,2564
1789539221.0581708,2560,2353,2564
1789539221.1025856,2561,2353,2562
1789539221.144968,2559,2352,2561
1789539221.2066905,2571,2354,2562
1789539221.2483437,2574,2355,2562
1789539221.3061454,2572,2352,2562
1789539221.358172,2560,2354,2562
1789539221.3968933,2572,2353,2563
1789539221.4586594,2571,2351,2561
1789539221.505278,2560,2352,2562
1789539221.5588555,2571,2353,2562
1789539221.6085901,2571,2352,2561
1789539221.658904,2560,2352,2562
1789539221.6996815,2571,2353,2562
1789539221.7589233,2560,2353,2562
1789539221.8090641,2560,2352,2561
1789539221.8589962,2572,2352,2562
1789539221.908727,2558,2352,2551
1789539221.9591575,2561,2354,2528
1789539222.0093868,2560,2353,2508
1789539222.0594335,2561,2352,2493
1789539222.1075697,2571,2350,2485
1789539222.1597507,2571,2352,2459
1789539222.2081125,2560,2351,2425
1789539222.2596328,2560,2353,2388
1789539222.3093884,2560,2352,2359
1789539222.3599494,2560,2353,2324
1789539222.4099503,2572,2352,2292
1789539222.459891,2560,2353,2257
1789539222.5050578,2561,2353,2227
1789539222.5601428,2560,2353,2211
1789539222.603599,2560,2353,2189
1789539222.6599772,2572,2352,2161
1789539222.710284,2572,2352,2134
1789539222.7605295,2560,2352,2125
1789539222.8046806,2572,2352,2122
1789539222.8604217,2572,2353,2130
1789539222.907025,2572,2352,2146
1789539222.9605248,2571,2352,2158
1789539223.011099,2572,2352,2168
1789539223.0608108,2571,2352,2170
1789539223.1091368,2560,2352,2170
1789539223.1608121,2574,2353,2195
1789539223.208055,2560,2354,2215
1789539223.2609746,2560,2353,2245
1789539223.2958684,2574,2352,2282
1789539223.3610215,2572,2352,2339
1789539223.4085178,2571,2353,2385
1789539223.461173,2571,2352,2498
1789539223.5108335,2572,2353,2563
1789539223.561442,2571,2353,2565
1789539223.6116164,2560,2352,2565
1789539223.6616037,2571,2353,2566
1789539223.7095363,2571,2355,2566
1789539223.7580426,2571,2351,2566
1789539223.811762,2571,2352,2564
1789539223.8616087,2571,2353,2564
1789539223.9067223,2572,2351,2565
1789539223.9550595,2559,2352,2562
1789539224.011867,2560,2352,2564
1789539224.0617003,2560,2354,2562
1789539224.1121454,2571,2352,2561
1789539224.161678,2560,2353,2561
1789539224.2109904,2571,2352,2561
1789539224.2582912,2560,2352,2562
1789539224.3118243,2571,2352,2562
1789539224.3622968,2560,2352,2562
1789539224.412308,2559,2352,2562
1789539224.4490893,2574,2354,2561
1789539224.512554,2562,2352,2562
1789539224.5602217,2571,2352,2562
1789539224.6018355,2570,2353,2562
1789539224.6626563,2571,2352,2562
1789539224.7126942,2560,2352,2562
1789539224.7615056,2560,2352,2561
1789539224.8114047,2571,2348,2561
1789539224.851832,2572,2352,2562
1789539224.9124165,2572,2352,2562
1789539224.9624543,2559,2353,2562
1789539225.004593,2572,2352,2562
1789539225.0622985,2561,2351,2561
1789539225.113322,2571,2352,2561
1789539225.1565042,2559,2352,2561
1789539225.2134762,2572,2353,2562
1789539225.2545383,2571,2352,2561
1789539225.311585,2561,2352,2562
1789539225.3579252,2571,2353,2562
1789539225.4084437,2560,2352,2562
1789539225.4628403,2560,2353,2561
1789539225.513603,2572,2353,2562
1789539225.5638924,2560,2352,2561
1789539225.6086433,2571,2353,2561
1789539225.6497266,2560,2353,2562
1789539225.7118366,2573,2354,2559
1789539225.754456,2572,2352,2561
1789539225.8121405,2560,2353,2565
1789539225.864237,2571,2353,2562
1789539225.912005,2571,2352,2561
1789539225.9642332,2567,2354,2562
1789539226.0144217,2571,2353,2561
1789539226.0592816,2560,2352,2562
1789539226.101557,2572,2353,2563
1789539226.1644948,2559,2351,2562
1789539226.2125854,2572,2352,2561
1789539226.2619436,2571,2352,2561
1789539226.3146396,2571,2352,2563
1789539226.3624773,2574,2352,2561
1789539226.4150367,2571,2352,2562
1789539226.4650047,2571,2352,2562
1789539226.5112414,2572,2352,2561
1789539226.5521595,2560,2352,2562
1789539226.6146078,2556,2352,2561
1789539226.6652043,2571,2353,2562
1789539226.7126048,2559,2352,2561
1789539226.753708,2559,2353,2561
1789539226.8154213,2561,2352,2562
1789539226.8514416,2572,2353,2561
1789539226.9155526,2571,2353,2561
1789539226.9619493,2560,2353,2562
1789539227.004272,2561,2353,2562
1789539227.0653841,2561,2352,2562
1789539227.1158996,2571,2353,2562
1789539227.1569333,2571,2352,2562
1789539227.214658,2571,2353,2562
1789539227.266032,2560,2351,2562
1789539227.308783,2572,2353,2563
1789539227.3661058,2560,2353,2562
1789539227.4138153,2571,2353,2562
1789539227.4645994,2572,2347,2559
