timestamp,rawL,rawR
1786722526.7996442,588,206
1786722526.8501096,588,206
1786722526.8997042,588,206
1786722526.95024,588,206
1786722526.9940343,588,206
1786722527.0502012,588,204
1786722527.0911837,588,204
1786722527.1489093,588,203
1786722527.1962867,588,204
1786722527.2370977,588,203
1786722527.3002262,587,202
1786722527.3413622,588,202
1786722527.3987267,588,202
1786722527.4457276,588,200
1786722527.4939332,589,200
1786722527.5355253,588,201
1786722527.5980885,588,201
1786722527.6474962,588,200
1786722527.700345,588,200
1786722527.750886,588,199
1786722527.8002644,588,198
1786722527.8420544,588,198
1786722527.8987691,588,199
1786722527.9451945,588,197
1786722527.9866023,588,198
1786722528.0494645,588,197
1786722528.0985963,588,198
1786722528.13999,588,198
1786722528.2012513,588,196
1786722528.2446373,588,196
1786722528.286418,588,196
1786722528.3514593,588,196
1786722528.4014766,588,194
1786722528.451495,588,194
1786722528.5005171,588,194
1786722528.550006,588,193
1786722528.5917954,588,193
1786722528.6494925,588,192
1786722528.7006376,588,192
1786722528.7519786,588,191
1786722528.7863002,588,189
1786722528.8518326,588,188
1786722528.8973527,588,187
1786722528.9390957,588,187
1786722529.0015044,588,188
1786722529.043181,588,187
1786722529.0917573,588,187
1786722529.1494567,588,186
1786722529.2015731,588,185
1786722529.244506,588,185
1786722529.302066,588,185
1786722529.3521717,589,183
1786722529.3967683,589,183
1786722529.4437559,588,183
1786722529.5014658,588,183
1786722529.5429366,589,183
1786722529.6022713,588,181
1786722529.6459455,588,181
1786722529.7020187,588,181
1786722529.7513528,588,180
1786722529.792455,588,180
1786722529.850695,589,179
1786722529.9024928,589,179
1786722529.945155,588,179
1786722529.987467,588,179
1786722530.052292,588,178
1786722530.0985503,588,178
1786722530.1468356,589,178
1786722530.1887603,588,178
1786722530.2526436,588,178
1786722530.299848,588,178
1786722530.3415482,588,178
1786722530.4027224,587,177
1786722530.4452822,587,178
1786722530.5028288,587,178
1786722530.5530212,587,178
1786722530.598311,588,178
1786722530.6531,589,177
1786722530.7030754,604,179
1786722530.752226,616,180
1786722530.8032074,632,181
1786722530.853294,649,180
1786722530.8970094,663,181
1786722530.9386294,674,183
1786722531.0010204,677,183
1786722531.0428302,677,183
1786722531.10345,675,181
1786722531.1535842,647,179
1786722531.201819,600,177
1786722531.2441616,507,167
1786722531.3035932,407,159
1786722531.3535297,310,153
1786722531.396366,246,145
1786722531.4479542,234,145
1786722531.5034401,278,153
1786722531.5428014,329,156
1786722531.603757,415,163
1786722531.6492038,512,173
1786722531.7038736,571,177
1786722531.7509675,612,179
1786722531.7925158,653,181
1786722531.84112,678,183
1786722531.9036493,689,183
1786722531.9453733,691,183
1786722532.002247,695,183
1786722532.0541253,706,183
1786722532.0981193,711,183
1786722532.1397781,714,183
1786722532.2017467,716,183
1786722532.249972,715,183
1786722532.2915673,715,183
1786722532.3541176,715,183
1786722532.395797,716,183
1786722532.4534187,728,183
1786722532.5038128,754,183
1786722532.5485175,760,183
1786722532.5903623,761,183
1786722532.6545718,761,183
1786722532.703877,761,184
1786722532.7550468,761,183
1786722532.7987988,761,183
1786722532.8454442,760,183
1786722532.9033897,760,184
1786722532.9451122,760,184
1786722533.0048196,760,183
1786722533.0548086,759,183
1786722533.0972178,733,182
1786722533.1394134,657,180
1786722533.2021346,585,175
1786722533.2431939,510,168
1786722533.3049443,463,166
1786722533.3548114,463,166
1786722533.3965137,462,166
1786722533.455158,455,164
1786722533.5051818,453,165
1786722533.5491223,485,170
1786722533.5910227,547,175
1786722533.6534107,617,181
1786722533.7053185,659,182
1786722533.7553213,682,183
1786722533.8048284,693,183
1786722533.8541327,716,183
1786722533.8956037,725,183
1786722533.9555264,727,183
1786722534.0005696,727,183
1786722534.0422268,727,184
1786722534.1056116,726,183
1786722534.1532574,726,184
1786722534.1949224,726,185
1786722534.2526033,726,186
1786722534.305831,726,183
1786722534.355809,726,183
1786722534.403267,724,183
1786722534.4558656,723,185
1786722534.5058558,701,183
1786722534.5558817,649,180
1786722534.5976682,580,175
1786722534.656038,508,171
1786722534.7051,457,168
1786722534.7504284,415,163
1786722534.7920785,382,158
1786722534.8545227,374,158
1786722534.9026399,374,160
1786722534.944786,376,160
1786722535.0059829,444,166
1786722535.048691,515,174
1786722535.106421,569,179
1786722535.1563525,614,181
1786722535.2016764,647,183
1786722535.2433772,682,185
1786722535.305321,696,185
1786722535.347133,702,184
1786722535.4055278,716,184
1786722535.4537027,724,185
1786722535.5065355,725,185
1786722535.5567002,726,185
1786722535.6043303,726,185
1786722535.6533117,726,185
1786722535.706775,725,184
1786722535.7502322,725,185
1786722535.7918618,725,185
1786722535.8568423,725,185
1786722535.904371,724,185
1786722535.9524553,720,185
1786722536.0063424,694,185
1786722536.05569,606,178
1786722536.1060133,512,172
1786722536.1571083,444,165
1786722536.2015283,418,164
1786722536.2431383,414,164
1786722536.3058312,415,164
1786722536.3466933,422,164
1786722536.4043987,452,170
1786722536.4563181,520,175
1786722536.506863,594,181
1786722536.548278,648,183
1786722536.607446,691,185
1786722536.657033,710,187
1786722536.7061973,722,185
1786722536.7429855,728,185
1786722536.8075666,729,185
1786722536.8541214,730,186
1786722536.8957903,732,186
1786722536.9569974,733,186
1786722537.007709,735,186
1786722537.0485797,736,186
1786722537.1078463,736,186
1786722537.1578085,737,187
1786722537.2011702,737,186
1786722537.2420201,736,185
1786722537.3045619,735,186
1786722537.3551536,731,186
1786722537.407641,722,185
1786722537.4574494,689,185
1786722537.5079777,587,177
1786722537.554433,444,165
1786722537.5961294,351,159
1786722537.6581264,310,157
1786722537.7071497,309,157
1786722537.749723,356,160
1786722537.8074536,413,166
1786722537.858344,485,173
1786722537.902589,570,180
1786722537.944098,643,185
1786722538.0084314,713,187
1786722538.0544205,743,187
1786722538.1038787,755,187
1786722538.1454272,757,186
1786722538.2072804,757,186
1786722538.2497323,757,186
1786722538.3086271,757,187
1786722538.3586957,757,187
1786722538.4014134,757,187
1786722538.4579856,757,186
1786722538.506594,728,186
1786722538.548137,606,179
1786722538.608787,478,170
1786722538.6540363,351,159
1786722538.7086277,284,156
1786722538.7494879,263,155
1786722538.8064518,262,155
1786722538.8590205,278,157
1786722538.9022844,371,164
1786722538.943378,505,178
1786722539.0086114,615,184
1786722539.0547273,671,187
1786722539.096735,702,187
1786722539.1591687,722,188
1786722539.2078679,742,188
1786722539.2495396,753,188
1786722539.309417,759,188
1786722539.352809,762,189
1786722539.3953295,762,188
1786722539.4594495,762,188
1786722539.5064335,762,187
1786722539.5473738,761,188
1786722539.6092563,758,189
1786722539.657855,753,188
1786722539.700133,738,188
1786722539.7596428,633,183
1786722539.8049815,510,175
1786722539.8465955,397,165
1786722539.9090102,302,158
1786722539.9508064,279,157
1786722540.0084293,279,158
1786722540.0547934,285,158
1786722540.0964422,375,166
1786722540.1600418,494,177
1786722540.2100954,587,185
1786722540.2561376,639,187
1786722540.297375,672,189
1786722540.3595881,691,193
1786722540.408879,701,193
1786722540.4506488,717,193
1786722540.5083294,730,193
1786722540.5543191,734,193
1786722540.5964346,735,193
1786722540.6590884,735,194
1786722540.7065938,734,193
1786722540.748968,734,194
1786722540.8104,733,194
1786722540.8602762,731,195
1786722540.902002,732,195
1786722540.959108,732,195
1786722541.010548,731,196
1786722541.054727,731,196
1786722541.0957563,730,196
1786722541.1607475,726,196
1786722541.2075014,717,196
1786722541.2506764,704,196
1786722541.3108425,701,196
1786722541.3601868,701,196
1786722541.400872,700,196
1786722541.460905,700,198
1786722541.5110292,700,197
1786722541.554492,700,198
1786722541.596356,697,198
1786722541.661231,661,196
1786722541.7067375,622,195
1786722541.7485187,585,192
1786722541.8108072,502,183
1786722541.853143,422,177
1786722541.910811,359,173
1786722541.961348,338,172
1786722542.0051236,336,173
1786722542.0475447,342,173
1786722542.1100302,345,175
1786722542.1602802,337,173
1786722542.2105653,319,172
1786722542.2550223,298,172
1786722542.3115473,257,169
1786722542.3522198,245,169
1786722542.4098876,252,169
1786722542.4564028,264,170
1786722542.497888,261,171
1786722542.5603707,255,170
1786722542.6020753,238,169
1786722542.6618242,161,161
1786722542.70709,74,156
1786722542.7475154,31,155
1786722542.8113215,26,155
1786722542.852892,38,156
1786722542.9106069,139,164
1786722542.9564736,257,175
1786722542.9988403,297,177
1786722543.061304,313,179
1786722543.1028142,316,179
1786722543.1615832,317,179
1786722543.2061589,318,180
1786722543.254421,318,179
1786722543.301962,318,180
1786722543.3587885,319,180
1786722543.410776,320,182
1786722543.4490654,321,182
1786722543.511722,321,182
1786722543.5604773,320,181
1786722543.6015232,320,182
1786722543.6595488,299,180
1786722543.7125144,214,172
1786722543.7550325,41,158
1786722543.797156,1022,344
1786722543.8626883,1022,222
1786722543.912773,48,162
1786722543.9562712,184,176
1786722543.9981697,293,183
1786722544.0628588,328,185
1786722544.1096475,334,186
1786722544.1514459,335,186
1786722544.212526,335,187
1786722544.255443,335,187
1786722544.3129933,335,186
1786722544.3630679,335,187
1786722544.4082222,335,186
1786722544.4566927,323,186
1786722544.505406,250,179
1786722544.5630238,119,170
1786722544.613262,52,164
1786722544.659657,42,164
1786722544.6998441,54,166
1786722544.761681,127,174
1786722544.8129804,260,185
1786722544.8589146,330,190
1786722544.9012177,358,195
1786722544.9627235,374,196
1786722545.0122259,377,196
1786722545.059865,377,196
1786722545.1025953,366,195
1786722545.1634219,331,192
1786722545.2135966,225,180
1786722545.2546499,116,173
1786722545.3128397,60,171
1786722545.3638315,48,168
1786722545.408016,51,170
1786722545.4496899,121,177
1786722545.5121982,249,187
1786722545.557938,330,196
1786722545.6139445,349,198
1786722545.6633039,350,196
1786722545.706602,350,198
1786722545.764016,350,198
1786722545.8108416,350,198
1786722545.8618014,350,198
1786722545.9009697,364,200
1786722545.9641593,398,202
1786722546.0111434,450,208
1786722546.0536706,490,209
1786722546.1143444,510,214
1786722546.1635056,536,215
1786722546.2064097,547,217
1786722546.2641506,566,218
1786722546.3106458,574,218
1786722546.3643963,581,220
1786722546.4139946,589,220
1786722546.4634094,595,222
1786722546.5113878,601,221
1786722546.5632844,600,220
1786722546.6022577,597,221
1786722546.663851,597,221
1786722546.7132914,596,222
1786722546.7648842,597,222
1786722546.8148232,595,222
1786722546.864771,597,222
1786722546.9076004,625,225
1786722546.9493706,701,229
1786722547.014864,740,228
1786722547.0603526,744,229
1786722547.1147141,744,228
1786722547.164957,744,229
1786722547.2055745,743,228
1786722547.265089,744,228
1786722547.3144217,744,229
1786722547.3580968,743,229
1786722547.3997061,743,228
1786722547.465104,743,228
1786722547.510823,737,229
1786722547.5525658,718,229
1786722547.615009,706,228
1786722547.66236,703,229
1786722547.7141998,702,228
1786722547.765536,702,229
1786722547.8102953,703,228
1786722547.8518603,727,228
1786722547.9156244,741,229
1786722547.963016,748,231
1786722548.0149684,748,229
1786722548.053359,748,229
1786722548.1157606,748,231
1786722548.1643977,748,231
1786722548.2151232,747,230
1786722548.2659159,748,231
1786722548.3089242,748,230
1786722548.3519006,747,229
1786722548.4160128,748,229
1786722548.4629495,748,229
1786722548.5037253,748,230
1786722548.5654745,745,229
1786722548.600939,720,229
1786722548.663107,671,228
1786722548.7056203,598,223
1786722548.7662635,576,222
1786722548.8031237,578,223
1786722548.8654065,584,223
1786722548.9072192,587,224
1786722548.9649584,586,223
1786722549.0115228,581,223
1786722549.053178,581,223
1786722549.1165266,582,223
1786722549.163172,583,223
1786722549.2127504,583,223
1786722549.2535505,583,223
1786722549.3167794,582,223
1786722549.3586264,582,223
1786722549.416295,582,224
1786722549.4667802,584,223
1786722549.5043375,586,222
1786722549.566804,596,223
1786722549.6084604,613,225
1786722549.6668992,634,227
1786722549.712666,704,231
1786722549.7669742,774,233
1786722549.8098216,821,231
1786722549.851555,849,231
1786722549.91646,853,231
1786722549.962698,854,230
1786722550.0039272,853,231
1786722550.0671363,853,230
1786722550.1146662,853,230
1786722550.1571016,853,229
1786722550.2135794,852,229
1786722550.2671864,852,229
1786722550.3023672,851,229
1786722550.367415,849,228
1786722550.4140031,849,229
1786722550.4556117,849,229
1786722550.5173323,849,228
1786722550.5666718,849,229
1786722550.6083672,849,228
1786722550.6676135,849,227
1786722550.717694,849,226
1786722550.7611616,849,226
1786722550.8167107,849,227
1786722550.8583355,849,227
1786722550.9178362,848,227
1786722550.967816,847,227
1786722551.011108,838,225
1786722551.0528088,796,223
1786722551.1179874,715,222
1786722551.162944,630,218
1786722551.2167497,561,215
1786722551.254111,509,206
1786722551.3180137,474,204
1786722551.3647826,469,204
1786722551.4063125,472,204
1786722551.4677691,474,205
1786722551.5178578,475,204
1786722551.5596218,476,204
1786722551.616759,477,204
1786722551.6683493,478,202
1786722551.7119918,481,202
1786722551.7603786,488,204
1786722551.8171403,504,205
1786722551.8651083,543,207
1786722551.9067714,624,218
1786722551.968372,719,220
1786722552.0173037,769,220
1786722552.059513,797,221
1786722552.1171608,823,220
1786722552.1687136,843,218
1786722552.2179146,864,218
1786722552.2530916,882,218
1786722552.3155143,894,218
1786722552.3571281,907,218
1786722552.405973,925,219
1786722552.4680498,936,218
1786722552.50983,941,216
1786722552.5672696,950,216
1786722552.6149135,955,216
1786722552.656647,960,217
1786722552.719042,961,215
1786722552.7683454,962,215
1786722552.815984,962,215
1786722552.8578832,961,214
1786722552.9191346,958,214
1786722552.9621155,957,214
1786722553.0192597,955,214
1786722553.0693936,953,212
1786722553.1147733,950,209
1786722553.1564882,949,212
1786722553.2192569,949,209
1786722553.2606301,948,207
1786722553.3194733,948,207
1786722553.3638191,943,207
1786722553.405966,935,207
1786722553.4550714,924,205
1786722553.5175555,908,204
1786722553.559183,891,203
1786722553.6159232,868,202
1786722553.663329,833,201
1786722553.7050195,790,200
1786722553.7674692,752,200
1786722553.8167582,728,200
1786722553.8647168,718,200
1786722553.9063218,708,199
1786722553.9700513,700,199
1786722554.0174663,684,198
1786722554.0590792,676,198
1786722554.1191769,674,198
1786722554.1701198,674,197
1786722554.2188637,675,196
1786722554.26949,677,196
1786722554.3202157,676,196
1786722554.370235,676,194
1786722554.4128199,676,194
1786722554.4548597,678,194
1786722554.5173693,678,194
1786722554.5583212,678,193
1786722554.620188,678,193
1786722554.6699831,679,193
1786722554.711736,679,189
1786722554.7694218,679,188
1786722554.820623,679,189
1786722554.8645284,679,187
1786722554.9060776,679,187
1786722554.9707835,679,187
1786722555.019812,679,187
1786722555.0657902,680,187
1786722555.1074798,681,186
1786722555.1708548,682,186
1786722555.2199266,683,185
1786722555.2693243,685,185
1786722555.3207822,691,185
1786722555.3569515,698,185
1786722555.4211736,701,185
1786722555.468464,702,185
1786722555.5095267,703,184
1786722555.571139,703,183
1786722555.6138477,704,186
1786722555.6560397,704,184
1786722555.7212875,704,183
1786722555.767227,704,183
1786722555.8152955,704,185
1786722555.8705103,704,184
1786722555.9198184,704,184
1786722555.9610221,704,185
1786722556.0215313,704,184
1786722556.065593,704,184
1786722556.114228,704,185
1786722556.1717308,705,184
1786722556.2212691,704,185
1786722556.2599041,705,185
1786722556.3216891,704,185
1786722556.3711362,705,184
1786722556.4179275,705,185
1786722556.4718409,705,186
1786722556.516974,705,186
1786722556.5584166,705,185
1786722556.6206522,705,185
1786722556.662421,705,185
1786722556.7191978,705,185
1786722556.7669318,705,185
1786722556.8208714,705,186
1786722556.870029,705,185
1786722556.9117782,706,185
1786722556.9694715,705,185
1786722557.0214536,705,186
1786722557.0575309,705,185
1786722557.1221843,705,185
1786722557.1686337,705,186
1786722557.2209897,705,185
1786722557.265927,705,186
1786722557.307507,705,186
1786722557.3712673,705,185
1786722557.4207668,705,186
1786722557.4716713,705,187
1786722557.5158486,705,187
1786722557.5574176,705,186
1786722557.6225784,705,186
1786722557.6622465,706,186
1786722557.7111993,706,185
1786722557.772793,706,186
1786722557.8221962,705,185
1786722557.8639278,706,186
1786722557.9215634,706,186
1786722557.9729726,706,187
1786722558.0222974,706,186
1786722558.0653734,706,186
1786722558.1223783,707,185
1786722558.1730642,706,186
1786722558.2230666,706,185
1786722558.266596,706,186
1786722558.3082123,706,186
1786722558.3732295,706,186
1786722558.4193556,706,186
1786722558.4732578,706,186
1786722558.516447,706,186
1786722558.5582411,706,186
1786722558.6200063,706,186
1786722558.6733942,706,186
1786722558.7210805,706,185
1786722558.7732627,706,186
1786722558.8229213,706,186
1786722558.8729537,706,186
1786722558.9235194,705,186
1786722558.9734926,706,187
1786722559.0236416,706,186
1786722559.0732095,706,186
1786722559.1233284,705,186
1786722559.1734874,706,186
1786722559.21729,707,187
1786722559.2737498,706,186
1786722559.3149788,706,186
1786722559.3717892,707,186
1786722559.4182193,707,187
1786722559.4607875,706,186
1786722559.5227277,706,187
1786722559.574104,706,185
1786722559.623878,707,186
1786722559.6741621,706,187
1786722559.7232175,706,186
1786722559.7723997,707,187
1786722559.8211944,706,187
1786722559.869763,706,187
1786722559.9180493,706,187
1786722559.973592,706,187
1786722560.0242968,706,188
1786722560.0742638,706,188
1786722560.1243274,706,186
1786722560.169062,706,187
1786722560.224259,707,188
1786722560.274236,706,188
1786722560.3216932,707,188
1786722560.3746986,707,187
1786722560.4248466,707,187
1786722560.4607306,706,186
1786722560.5244417,706,187
1786722560.5711453,706,188
1786722560.6196713,706,187
1786722560.6746345,706,188
1786722560.7244947,707,188
1786722560.76577,706,188
1786722560.8250434,707,188
1786722560.8748095,707,188
1786722560.9245791,707,188
1786722560.9749935,706,188
1786722561.0243134,707,188
1786722561.0751708,707,188
1786722561.1197288,707,188
1786722561.1749017,706,188
1786722561.2238011,707,186
1786722561.272279,707,188
1786722561.320908,707,188
1786722561.3695953,707,188
1786722561.4250147,706,188
1786722561.4731386,707,188
1786722561.5254173,707,188
1786722561.5708096,707,188
1786722561.6194263,706,188
1786722561.6753235,707,188
1786722561.7236812,707,188
1786722561.7756963,707,188
1786722561.8208337,706,187
1786722561.8750622,706,188
1786722561.9174988,706,188
1786722561.975955,706,189
1786722562.0251224,707,187
1786722562.0758967,707,188
1786722562.1259992,707,188
1786722562.1759534,707,188
1786722562.2259061,707,188
1786722562.2756402,707,188
1786722562.325968,707,189
1786722562.3757186,707,193
1786722562.4258876,707,188
1786722562.4754522,707,189
1786722562.5260727,706,189
1786722562.5762372,707,189
1786722562.6258528,707,190
1786722562.6760502,707,193
1786722562.7262945,707,190
1786722562.775887,707,193
1786722562.820154,707,193
1786722562.8762765,707,194
1786722562.9264846,707,193
1786722562.9763787,707,194
1786722563.022446,707,195
1786722563.0703902,707,194
1786722563.1119204,707,195
1786722563.1744406,707,196
1786722563.2161777,706,198
1786722563.2764783,707,198
1786722563.3265014,707,198
1786722563.3761961,706,198
1786722563.4247916,707,200
1786722563.476906,707,199
1786722563.5246308,708,201
1786722563.5711443,707,202
1786722563.6125784,707,202
1786722563.6763306,707,202
1786722563.727097,706,202
1786722563.7655761,707,204
1786722563.8140967,707,204
1786722563.8758526,707,204
1786722563.924508,707,204
1786722563.973092,707,204
1786722564.0224285,707,205
1786722564.077294,707,207
1786722564.1254375,707,208
1786722564.1745303,707,208
1786722564.226357,707,207
1786722564.271725,707,208
1786722564.3272681,707,209
1786722564.3757782,707,212
1786722564.424142,707,214
1786722564.4762425,707,214
1786722564.521658,707,214
1786722564.5771875,707,214
1786722564.625812,707,215
1786722564.6777754,707,210
1786722564.7278423,707,215
1786722564.7777925,707,215
1786722564.8139572,707,215
1786722564.875823,706,215
1786722564.9178338,707,217
1786722564.975767,707,217
1786722565.015168,707,218
1786722565.0771396,707,218
1786722565.119504,707,219
1786722565.1781197,707,219
1786722565.2281845,707,219
1786722565.265337,707,218
1786722565.3282933,707,219
1786722565.3757157,707,220
1786722565.4236212,707,220
1786722565.4778116,707,220
1786722565.5277698,707,220
1786722565.5707583,707,220
1786722565.6278913,707,222
1786722565.6784947,707,222
1786722565.7234402,707,221
1786722565.7644699,707,222
1786722565.8206022,707,222
1786722565.8782585,707,221
1786722565.9248583,707,222
1786722565.9664593,707,221
1786722566.014467,707,222
1786722566.0787165,707,223
1786722566.1255066,707,222
1786722566.1678028,707,222
1786722566.2288811,707,223
1786722566.2786667,707,223
1786722566.3274608,707,223
1786722566.3782566,707,223
1786722566.4289622,707,223
1786722566.4739115,707,223
1786722566.514996,707,223
1786722566.5791852,707,223
1786722566.6261961,707,223
1786722566.6739852,707,223
1786722566.7289248,707,223
1786722566.7787974,707,223
1786722566.8294127,707,222
1786722566.8744023,707,223
1786722566.9294279,707,222
1786722566.9788845,707,223
1786722567.029457,707,222
1786722567.0794911,707,222
1786722567.129554,707,220
1786722567.1745088,707,219
1786722567.2153256,707,220
1786722567.2789035,707,219
1786722567.3194733,707,220
1786722567.3771956,707,220
1786722567.4295502,707,218
1786722567.4780781,707,219
1786722567.5298798,707,218
1786722567.579307,707,219
1786722567.6181216,708,218
1786722567.6794093,707,218
1786722567.7299833,707,216
1786722567.771623,707,217
1786722567.8293426,707,217
1786722567.8801277,707,215
1786722567.929451,707,215
1786722567.972381,708,215
1786722568.014713,707,215
1786722568.0789483,706,215
1786722568.125797,707,214
1786722568.1674116,707,214
1786722568.2303314,707,214
1786722568.2803097,707,214
1786722568.320232,708,207
1786722568.3805082,707,208
1786722568.430155,707,208
1786722568.480467,707,207
1786722568.5284934,707,206
1786722568.5782518,707,205
1786722568.630685,707,205
1786722568.674309,707,203
1786722568.715932,707,204
1786722568.7805543,707,205
1786722568.8302689,707,202
1786722568.8755164,707,202
1786722568.9230258,707,203
1786722568.9659202,707,202
1786722569.0278256,707,202
1786722569.0699778,707,201
1786722569.1309218,707,201
1786722569.1800203,707,200
1786722569.2298207,707,201
1786722569.2702568,707,201
1786722569.3269548,707,199
1786722569.3684886,707,200
1786722569.4310648,707,196
1786722569.4805586,706,198
1786722569.5275736,707,197
1786722569.5699449,706,198
1786722569.631122,707,196
1786722569.680821,707,196
1786722569.731246,707,196
1786722569.7814994,707,196
1786722569.8314044,707,194
1786722569.8685155,707,194
1786722569.9310107,707,194
1786722569.9716718,707,193
1786722570.0302737,707,193
1786722570.0817142,707,190
1786722570.1253073,707,188
1786722570.16702,707,193
1786722570.2318392,707,189
1786722570.2705781,707,188
1786722570.3318186,707,188
1786722570.3820903,707,186
1786722570.4318311,707,186
1786722570.4819822,707,187
1786722570.5320723,707,186
1786722570.579303,707,186
1786722570.6320748,707,185
1786722570.6821656,707,186
1786722570.7317934,707,186
1786722570.7778895,707,187
1786722570.828761,707,187
1786722570.8821936,707,186
1786722570.9322321,707,185
1786722570.9820566,707,185
1786722571.031934,707,186
1786722571.0825481,707,186
1786722571.1326287,707,186
1786722571.1818724,706,186
1786722571.2324486,707,185
1786722571.2819393,707,186
1786722571.3323493,707,187
1786722571.3819027,707,186
1786722571.432218,707,186
1786722571.4782073,707,186
1786722571.5285234,707,186
1786722571.5688357,707,186
1786722571.632843,707,186
1786722571.6803896,707,186
1786722571.721992,707,186
1786722571.7708335,707,186
1786722571.8328657,707,186
1786722571.8745134,707,186
1786722571.9330356,707,185
1786722571.9830794,707,185
1786722572.032839,707,185
1786722572.0757523,707,186
1786722572.1201706,707,186
1786722572.179752,707,186
1786722572.2331333,706,185
1786722572.2770746,707,185
1786722572.32071,707,185
1786722572.3829596,707,185
1786722572.4329083,707,187
1786722572.4833655,707,186
1786722572.5334804,707,186
1786722572.5831542,708,186
1786722572.6333652,707,187
1786722572.6836023,707,185
1786722572.733637,707,186
1786722572.7835908,707,185
1786722572.8336308,707,186
1786722572.8837729,707,186
1786722572.933146,707,186
1786722572.9838202,707,186
1786722573.03391,707,186
1786722573.0837066,707,186
1786722573.1339533,707,186
1786722573.1840012,707,186
1786722573.2340286,707,186
1786722573.2834506,707,186
1786722573.3340065,707,186
1786722573.3841262,707,186
1786722573.4295177,707,186
1786722573.478734,707,186
1786722573.5341728,706,187
1786722573.5784447,707,187
1786722573.6327784,707,186
1786722573.6801827,707,186
1786722573.727438,707,186
1786722573.7842321,707,186
1786722573.8329911,707,187
1786722573.8746114,707,186
1786722573.9344122,707,187
1786722573.9787216,707,187
1786722574.0204744,707,187
1786722574.0846138,707,188
1786722574.134666,707,186
1786722574.1847017,707,186
1786722574.2276814,707,188
1786722574.2699127,707,188
1786722574.3342464,707,186
1786722574.3848376,707,186
1786722574.4348922,707,187
1786722574.4786737,708,188
1786722574.5323532,707,186
1786722574.5849693,707,187
1786722574.6314301,707,187
1786722574.6725817,707,187
1786722574.7347722,707,186
1786722574.783844,707,187
1786722574.825294,707,186
1786722574.883816,707,187
1786722574.9351172,707,186
1786722574.985273,707,188
1786722575.0333166,707,188
1786722575.0758235,707,187
1786722575.1345086,707,187
1786722575.184917,707,188
1786722575.2351615,707,188
1786722575.2845633,707,187
1786722575.331578,707,187
1786722575.3812432,707,188
1786722575.4358099,707,187
1786722575.4851134,707,188
1786722575.535184,707,188
1786722575.5847294,707,187
1786722575.6356032,706,188
1786722575.6856515,707,188
1786722575.7355428,707,188
1786722575.7858078,707,188
1786722575.8347242,707,188
1786722575.8859477,707,188
1786722575.9357674,707,188
1786722575.9858227,707,188
1786722576.0360823,707,188
1786722576.0850627,707,188
1786722576.1360922,707,188
1786722576.1856604,707,188
1786722576.236063,707,188
1786722576.2858305,707,188
1786722576.336153,707,187
1786722576.3862882,707,188
1786722576.4364498,707,188
1786722576.4782715,707,188
1786722576.5361521,707,188
1786722576.5745633,707,187
1786722576.6309905,707,188
1786722576.6725962,707,188
1786722576.728233,707,188
1786722576.7861574,707,189
1786722576.8275552,707,189
1786722576.8826265,707,189
1786722576.92948,707,189
1786722576.971369,707,190
1786722577.033146,708,189
1786722577.0752892,707,193
1786722577.1368792,706,194
1786722577.1865194,707,193
1786722577.227274,707,194
1786722577.284935,707,194
1786722577.3362951,707,194
1786722577.3866785,707,194
1786722577.4355412,707,195
1786722577.4787369,707,194
1786722577.5366573,707,194
1786722577.5743878,707,195
1786722577.636952,707,195
1786722577.6872272,707,196
1786722577.737247,707,196
1786722577.7873075,707,198
1786722577.8372555,707,198
1786722577.8874788,707,198
1786722577.9374132,707,200
1786722577.987474,707,199
1786722578.037482,707,200
1786722578.0874212,707,201
1786722578.122754,707,201
1786722578.1787426,707,201
1786722578.2303233,707,202
1786722578.2876594,707,202
1786722578.3321323,707,202
1786722578.3863604,707,204
